method,url_path,source_file,requires_auth,auth_mechanism,accepts_untrusted_input,validates_input,writes_data,calls_stripe_or_supabase
DELETE,/api/notes/:,app/api/notes/[id]/route.ts,yes,getUser,no,no,yes,yes
DELETE,/api/tax/documents/:,app/api/tax/documents/[id]/route.ts,yes,getUser,no,no,yes,yes
GET,/api/account/export,app/api/account/export/route.ts,yes,requireApiAuth,no,no,yes,yes
GET,/api/admin/analytics,app/api/admin/analytics/route.ts,yes,getUser,no,no,no,yes
GET,/api/admin/analytics/overview,app/api/admin/analytics/overview/route.ts,yes,withAuth,no,no,no,yes
GET,/api/admin/applications-secure/:,app/api/admin/applications-secure/[id]/route.ts,yes,withAuth,no,no,no,yes
GET,/api/admin/audit-logs,app/api/admin/audit-logs/route.ts,yes,apiRequireAdmin,no,no,no,no
GET,/api/admin/catalog/full,app/api/admin/catalog/full/route.ts,yes,apiRequireAdmin,no,no,no,no
GET,/api/admin/catalog/summary,app/api/admin/catalog/summary/route.ts,yes,apiRequireAdmin,no,no,no,yes
GET,/api/admin/completions,app/api/admin/completions/route.ts,yes,withAuth,no,no,no,yes
GET,/api/admin/course-analytics/:,app/api/admin/course-analytics/[courseId]/route.ts,yes,getUser,no,no,no,yes
GET,/api/admin/email-stats,app/api/admin/email-stats/route.ts,yes,getUser,no,no,no,yes
GET,/api/admin/entity-docs,app/api/admin/entity-docs/route.ts,yes,getUser,no,no,no,yes
GET,/api/admin/export-etpl,app/api/admin/export-etpl/route.ts,yes,getUser,no,no,no,yes
GET,/api/admin/export/enrollments,app/api/admin/export/enrollments/route.ts,yes,withAuth,no,no,no,yes
GET,/api/admin/export/students,app/api/admin/export/students/route.ts,yes,getUser,no,no,no,yes
GET,/api/admin/export/weekly-hours,app/api/admin/export/weekly-hours/route.ts,yes,getUser,no,no,no,yes
GET,/api/admin/jobs,app/api/admin/jobs/route.ts,yes,apiRequireAdmin,no,no,no,yes
GET,/api/admin/learner/info,app/api/admin/learner/info/route.ts,yes,withAuth,no,no,no,yes
GET,/api/admin/learner/notes,app/api/admin/learner/notes/route.ts,yes,withAuth,no,no,no,yes
GET,/api/admin/monitoring/errors,app/api/admin/monitoring/errors/route.ts,yes,getUser,no,no,no,yes
GET,/api/admin/monitoring/performance,app/api/admin/monitoring/performance/route.ts,yes,getUser,no,no,no,yes
GET,/api/admin/monitoring/rate-limits,app/api/admin/monitoring/rate-limits/route.ts,yes,getUser,no,no,no,yes
GET,/api/admin/monitoring/status,app/api/admin/monitoring/status/route.ts,yes,apiRequireAdmin,no,no,no,yes
GET,/api/admin/monitoring/verify-schema,app/api/admin/monitoring/verify-schema/route.ts,yes,getUser,no,no,yes,yes
GET,/api/admin/next-steps,app/api/admin/next-steps/route.ts,yes,getUser,no,no,no,yes
GET,/api/admin/next-steps/export,app/api/admin/next-steps/export/route.ts,yes,getUser,no,no,no,yes
GET,/api/admin/performance,app/api/admin/performance/route.ts,yes,getUser,no,no,yes,yes
GET,/api/admin/program-holder-acknowledgements,app/api/admin/program-holder-acknowledgements/route.ts,yes,withAuth,no,no,no,yes
GET,/api/admin/program-holders,app/api/admin/program-holders/route.ts,yes,withAuth,no,no,no,yes
GET,/api/admin/program-holders/:,app/api/admin/program-holders/[id]/route.ts,yes,getUser,no,no,no,yes
GET,/api/admin/program-holders/mou,app/api/admin/program-holders/mou/route.ts,yes,withAuth,no,no,yes,yes
GET,/api/admin/program-holders/signed-mou,app/api/admin/program-holders/signed-mou/route.ts,yes,withAuth,no,no,no,yes
GET,/api/admin/secure,app/api/admin/secure/route.ts,yes,getUser,no,no,no,yes
GET,/api/admin/storage/signature,app/api/admin/storage/signature/route.ts,yes,withAuth,no,no,no,yes
GET,/api/admin/test-database,app/api/admin/test-database/route.ts,yes,withAuth,no,no,no,yes
GET,/api/affirm/capture,app/api/affirm/capture/route.ts,no,NONE,no,no,yes,yes
GET,/api/ai-studio/stock-media,app/api/ai-studio/stock-media/route.ts,yes,apiAuthGuard,no,no,no,no
GET,/api/ai/generate-page,app/api/ai/generate-page/route.ts,yes,apiAuthGuard,no,no,no,no
GET,/api/analytics/admin,app/api/analytics/admin/route.ts,yes,getUser,no,no,no,yes
GET,/api/analytics/dropout-risk,app/api/analytics/dropout-risk/route.ts,yes,getUser,no,yes,no,yes
GET,/api/analytics/metrics/dol-dwd,app/api/analytics/metrics/dol-dwd/route.ts,no,NONE,no,no,no,yes
GET,/api/analytics/metrics/funder-metrics,app/api/analytics/metrics/funder-metrics/route.ts,yes,apiRequireAdmin,no,no,no,no
GET,/api/analytics/metrics/overall-metrics,app/api/analytics/metrics/overall-metrics/route.ts,yes,apiRequireAdmin,no,no,no,no
GET,/api/analytics/metrics/program-metrics,app/api/analytics/metrics/program-metrics/route.ts,yes,apiRequireAdmin,no,no,no,no
GET,/api/analytics/metrics/recent-activity,app/api/analytics/metrics/recent-activity/route.ts,yes,apiRequireAdmin,no,no,no,yes
GET,/api/analytics/metrics/site-metrics,app/api/analytics/metrics/site-metrics/route.ts,yes,apiRequireAdmin,no,no,no,no
GET,/api/analytics/reports/caseload,app/api/analytics/reports/caseload/route.ts,yes,getUser,no,no,no,yes
GET,/api/analytics/reports/usage,app/api/analytics/reports/usage/route.ts,yes,getUser,no,no,no,yes
GET,/api/analytics/reports/usage/delegate,app/api/analytics/reports/usage/delegate/route.ts,yes,getUser,no,no,no,yes
GET,/api/analytics/reports/wioa,app/api/analytics/reports/wioa/route.ts,yes,requireApiAuth,no,no,no,yes
GET,/api/analytics/student,app/api/analytics/student/route.ts,yes,getUser,no,no,no,yes
GET,/api/announcements,app/api/announcements/route.ts,no,NONE,no,no,no,yes
GET,/api/applications/track,app/api/applications/track/route.ts,yes,apiAuthGuard,no,no,no,yes
GET,/api/apprentice/hours-summary,app/api/apprentice/hours-summary/route.ts,yes,getUser,no,no,no,yes
GET,/api/apps/trial/status,app/api/apps/trial/status/route.ts,yes,getUser,no,no,yes,yes
GET,/api/audit-logs,app/api/audit-logs/route.ts,yes,getUser,no,no,no,yes
GET,/api/audit/export,app/api/audit/export/route.ts,yes,apiRequireAdmin,no,no,no,yes
GET,/api/auth/check-admin,app/api/auth/check-admin/route.ts,yes,getUser,no,no,no,yes
GET,/api/auth/check-role,app/api/auth/check-role/route.ts,yes,getUser,no,no,no,yes
GET,/api/auth/facebook/authorize,app/api/auth/facebook/authorize/route.ts,no,NONE,no,no,no,no
GET,/api/auth/facebook/callback,app/api/auth/facebook/callback/route.ts,yes,getUser,no,no,yes,yes
GET,/api/auth/landing,app/api/auth/landing/route.ts,yes,getUser,no,no,no,yes
GET,/api/auth/linkedin/authorize,app/api/auth/linkedin/authorize/route.ts,no,NONE,no,no,no,no
GET,/api/auth/linkedin/callback,app/api/auth/linkedin/callback/route.ts,yes,getUser,no,no,yes,yes
GET,/api/auth/me,app/api/auth/me/route.ts,yes,getUser,no,no,no,yes
GET,/api/auth/youtube/authorize,app/api/auth/youtube/authorize/route.ts,no,NONE,no,no,no,no
GET,/api/auth/youtube/callback,app/api/auth/youtube/callback/route.ts,yes,getUser,no,no,yes,yes
GET,/api/autopilot-test-users,app/api/autopilot-test-users/route.ts,no,NONE,no,no,yes,yes
GET,/api/billing/subscription,app/api/billing/subscription/route.ts,yes,getUser,no,no,no,yes
GET,/api/blog,app/api/blog/route.ts,no,NONE,no,no,no,yes
GET,/api/build,app/api/build/route.ts,yes,apiRequireAdmin,no,no,no,no
GET,/api/case-manager/students,app/api/case-manager/students/route.ts,yes,getUser,no,no,no,yes
GET,/api/cash-advances/applications,app/api/cash-advances/applications/route.ts,yes,apiAuthGuard,no,no,no,yes
GET,/api/cert/pdf,app/api/cert/pdf/route.ts,no,NONE,no,no,no,yes
GET,/api/cert/revocations,app/api/cert/revocations/route.ts,yes,getUser,no,no,no,yes
GET,/api/certificates/:/download,app/api/certificates/[certificateId]/download/route.ts,yes,getUser,no,no,no,yes
GET,/api/certificates/verify,app/api/certificates/verify/route.ts,no,NONE,no,no,no,yes
GET,/api/certifications/progress,app/api/certifications/progress/route.ts,yes,apiAuthGuard,no,no,no,yes
GET,/api/checkin/status,app/api/checkin/status/route.ts,yes,getUser,no,no,no,yes
GET,/api/checkout/trial,app/api/checkout/trial/route.ts,no,NONE,no,no,no,yes
GET,/api/cm/learners/:,app/api/cm/learners/[id]/route.ts,no,NONE,no,no,no,yes
GET,/api/content/homepage,app/api/content/homepage/route.ts,no,NONE,no,no,no,yes
GET,/api/content/testimonials,app/api/content/testimonials/route.ts,no,NONE,no,no,no,yes
GET,/api/courses/:/leaderboard,app/api/courses/[courseId]/leaderboard/route.ts,no,NONE,no,no,no,yes
GET,/api/courses/:/lessons/:/resources,app/api/courses/[courseId]/lessons/[lessonId]/resources/route.ts,yes,apiAuthGuard,no,no,no,yes
GET,/api/courses/index,app/api/courses/index/route.ts,no,NONE,no,no,no,yes
GET,/api/courses/list,app/api/courses/list/route.ts,no,NONE,no,no,no,yes
GET,/api/courses/metadata,app/api/courses/metadata/route.ts,no,NONE,no,yes,no,no
GET,/api/courses/scan,app/api/courses/scan/route.ts,yes,apiAuthGuard,no,no,no,no
GET,/api/courses/sitemap,app/api/courses/sitemap/route.ts,no,NONE,no,no,no,no
GET,/api/crm/templates,app/api/crm/templates/route.ts,yes,apiRequireAdmin,no,no,no,yes
GET,/api/cron/career-course-emails,app/api/cron/career-course-emails/route.ts,yes,api_key_check,no,no,no,yes
GET,/api/cron/check-expiring-documents,app/api/cron/check-expiring-documents/route.ts,yes,api_key_check,no,no,yes,yes
GET,/api/cron/check-licenses,app/api/cron/check-licenses/route.ts,yes,api_key_check,no,no,yes,yes
GET,/api/cron/end-of-day-summary,app/api/cron/end-of-day-summary/route.ts,yes,api_key_check,no,no,no,yes
GET,/api/cron/enrollment-automation,app/api/cron/enrollment-automation/route.ts,yes,api_key_check,no,no,no,no
GET,/api/cron/expire-licenses,app/api/cron/expire-licenses/route.ts,yes,api_key_check,no,no,yes,yes
GET,/api/cron/inactivity-reminders,app/api/cron/inactivity-reminders/route.ts,yes,api_key_check,no,no,no,yes
GET,/api/cron/missed-checkins,app/api/cron/missed-checkins/route.ts,yes,api_key_check,no,no,no,yes
GET,/api/cron/morning-reminders,app/api/cron/morning-reminders/route.ts,yes,api_key_check,no,no,yes,yes
GET,/api/cron/payment-monitoring,app/api/cron/payment-monitoring/route.ts,yes,api_key_check,no,no,yes,yes
GET,/api/cron/process-provisioning-jobs,app/api/cron/process-provisioning-jobs/route.ts,yes,api_key_check,no,no,yes,yes
GET,/api/cron/weekly-reminders,app/api/cron/weekly-reminders/route.ts,yes,api_key_check,no,no,yes,yes
GET,/api/curvature/reviews,app/api/curvature/reviews/route.ts,yes,apiAuthGuard,no,no,no,yes
GET,/api/debug/supabase,app/api/debug/supabase/route.ts,yes,env_gate,no,no,no,yes
GET,/api/delegates/holders,app/api/delegates/holders/route.ts,yes,getUser,no,no,no,yes
GET,/api/delegates/list,app/api/delegates/list/route.ts,yes,getUser,no,no,no,yes
GET,/api/donations,app/api/donations/route.ts,yes,getUser,no,no,no,yes
GET,/api/download/capital-readiness,app/api/download/capital-readiness/route.ts,yes,getUser,no,no,no,yes
GET,/api/email/analytics,app/api/email/analytics/route.ts,yes,apiRequireAdmin,no,no,no,yes
GET,/api/employee/me,app/api/employee/me/route.ts,yes,getUser,no,no,no,yes
GET,/api/employee/payroll,app/api/employee/payroll/route.ts,yes,getUser,no,no,no,yes
GET,/api/employer/hiring-trends,app/api/employer/hiring-trends/route.ts,yes,getUser,no,no,no,yes
GET,/api/employer/hours,app/api/employer/hours/route.ts,yes,getUser,no,no,no,yes
GET,/api/employer/retention-stats,app/api/employer/retention-stats/route.ts,yes,getUser,no,no,no,yes
GET,/api/enrollment/next-action,app/api/enrollment/next-action/route.ts,yes,getUser,no,no,no,yes
GET,/api/enrollments/me,app/api/enrollments/me/route.ts,yes,getUser,no,no,no,yes
GET,/api/etpl/export,app/api/etpl/export/route.ts,yes,getUser,no,no,no,yes
GET,/api/forums,app/api/forums/route.ts,yes,getUser,no,no,no,yes
GET,/api/franchise/preparers/:/stats,app/api/franchise/preparers/[preparerId]/stats/route.ts,yes,getUser,no,no,no,yes
GET,/api/funding/admin/confirm,app/api/funding/admin/confirm/route.ts,no,NONE,no,no,yes,yes
GET,/api/funding/admin/list,app/api/funding/admin/list/route.ts,yes,getUser,no,no,yes,yes
GET,/api/funding/admin/report,app/api/funding/admin/report/route.ts,yes,getUser,no,no,yes,yes
GET,/api/gamification/leaderboard,app/api/gamification/leaderboard/route.ts,no,NONE,no,no,no,yes
GET,/api/github/blame,app/api/github/blame/route.ts,no,NONE,no,no,no,no
GET,/api/github/diff,app/api/github/diff/route.ts,no,NONE,no,no,no,no
GET,/api/github/history,app/api/github/history/route.ts,no,NONE,no,no,no,no
GET,/api/github/repos,app/api/github/repos/route.ts,no,NONE,no,no,no,no
GET,/api/github/tree,app/api/github/tree/route.ts,no,NONE,no,no,no,no
GET,/api/guide/:,app/api/guide/[pageId]/route.ts,yes,apiAuthGuard,no,no,no,no
GET,/api/health,app/api/health/route.ts,yes,env_gate,no,yes,no,yes
GET,/api/help/search,app/api/help/search/route.ts,no,NONE,no,no,no,yes
GET,/api/heygen/status,app/api/heygen/status/route.ts,no,NONE,no,no,no,no
GET,/api/impact/summary,app/api/impact/summary/route.ts,yes,getUser,no,yes,yes,yes
GET,/api/instructor/course-performance,app/api/instructor/course-performance/route.ts,yes,getUser,no,no,no,yes
GET,/api/instructor/engagement-stats,app/api/instructor/engagement-stats/route.ts,yes,getUser,no,no,no,yes
GET,/api/instructor/my-students,app/api/instructor/my-students/route.ts,yes,getUser,no,no,no,yes
GET,/api/instructors/available,app/api/instructors/available/route.ts,no,NONE,no,no,no,yes
GET,/api/leaderboard,app/api/leaderboard/route.ts,no,NONE,no,no,no,yes
GET,/api/leaderboard/global,app/api/leaderboard/global/route.ts,no,NONE,no,no,no,yes
GET,/api/learner/dashboard,app/api/learner/dashboard/route.ts,yes,getUser,no,no,no,yes
GET,/api/lti/config,app/api/lti/config/route.ts,no,NONE,no,no,no,no
GET,/api/lti/jwks,app/api/lti/jwks/route.ts,no,NONE,no,no,no,no
GET,/api/lti/login,app/api/lti/login/route.ts,no,NONE,no,no,no,no
GET,/api/marketing/:,app/api/marketing/[slug]/route.ts,no,NONE,no,no,no,no
GET,/api/marketplace/health,app/api/marketplace/health/route.ts,no,NONE,no,no,no,yes
GET,/api/marketplace/purchase-details,app/api/marketplace/purchase-details/route.ts,yes,apiAuthGuard,no,no,no,yes
GET,/api/media/buckets,app/api/media/buckets/route.ts,yes,getUser,no,no,no,yes
GET,/api/media/list,app/api/media/list/route.ts,yes,getUser,no,no,no,yes
GET,/api/media/url,app/api/media/url/route.ts,yes,apiAuthGuard,no,no,no,yes
GET,/api/metrics,app/api/metrics/route.ts,yes,apiRequireAdmin,no,no,no,no
GET,/api/mobile/courses,app/api/mobile/courses/route.ts,yes,getUser,no,no,no,yes
GET,/api/mobile/profile,app/api/mobile/profile/route.ts,yes,getUser,no,no,no,yes
GET,/api/mobile/summary,app/api/mobile/summary/route.ts,yes,getUser,no,no,no,yes
GET,/api/monitoring/bundle,app/api/monitoring/bundle/route.ts,no,NONE,no,no,no,yes
GET,/api/monitoring/stats,app/api/monitoring/stats/route.ts,yes,env_gate,no,no,no,no
GET,/api/notifications,app/api/notifications/route.ts,yes,getUser,no,no,no,yes
GET,/api/openapi,app/api/openapi/route.ts,no,NONE,no,no,no,no
GET,/api/outcomes/stats,app/api/outcomes/stats/route.ts,yes,apiRequireAdmin,no,yes,no,yes
GET,/api/partner-launch/:,app/api/partner-launch/[enrollmentId]/route.ts,yes,apiRequireAdmin,no,no,no,yes
GET,/api/partner/apprentices,app/api/partner/apprentices/route.ts,yes,getUser,no,no,no,yes
GET,/api/partner/enrollments,app/api/partner/enrollments/route.ts,yes,apiRequireAdmin,no,no,no,yes
GET,/api/partner/onboarding-status,app/api/partner/onboarding-status/route.ts,yes,getUser,no,no,no,yes
GET,/api/partners,app/api/partners/route.ts,no,NONE,no,no,no,yes
GET,/api/payroll/export,app/api/payroll/export/route.ts,yes,getUser,no,no,no,yes
GET,/api/preview/render,app/api/preview/render/route.ts,yes,apiRequireAdmin,no,yes,no,no
GET,/api/products,app/api/products/route.ts,no,NONE,no,no,no,no
GET,/api/products/:,app/api/products/[slug]/route.ts,no,NONE,no,no,no,no
GET,/api/program-holder/me,app/api/program-holder/me/route.ts,yes,getUser,no,no,no,yes
GET,/api/program-holder/mou-data,app/api/program-holder/mou-data/route.ts,yes,getUser,no,no,no,yes
GET,/api/program-holder/mou-pdf,app/api/program-holder/mou-pdf/route.ts,yes,apiAuthGuard,no,no,no,no
GET,/api/program-holder/mou/download,app/api/program-holder/mou/download/route.ts,yes,getUser,no,no,no,yes
GET,/api/program-holder/status,app/api/program-holder/status/route.ts,yes,getUser,no,no,no,yes
GET,/api/program-holder/students,app/api/program-holder/students/route.ts,yes,getUser,no,no,no,yes
GET,/api/program-owner/my-students,app/api/program-owner/my-students/route.ts,yes,getUser,no,no,no,yes
GET,/api/programs,app/api/programs/route.ts,no,NONE,no,no,no,yes
GET,/api/programs/:,app/api/programs/[slug]/route.ts,no,NONE,no,no,no,yes
GET,/api/programs/:/courses,app/api/programs/[slug]/courses/route.ts,no,NONE,no,no,no,yes
GET,/api/programs/featured,app/api/programs/featured/route.ts,no,NONE,no,no,no,yes
GET,/api/programs/list,app/api/programs/list/route.ts,yes,getUser,no,no,no,yes
GET,/api/public/metrics,app/api/public/metrics/route.ts,no,NONE,no,yes,no,yes
GET,/api/pwa/barber/history,app/api/pwa/barber/history/route.ts,yes,getUser,no,no,no,yes
GET,/api/pwa/barber/profile,app/api/pwa/barber/profile/route.ts,yes,getUser,no,no,no,yes
GET,/api/pwa/barber/progress,app/api/pwa/barber/progress/route.ts,yes,getUser,no,no,no,yes
GET,/api/pwa/shop-owner/apprentices,app/api/pwa/shop-owner/apprentices/route.ts,yes,getUser,no,no,no,yes
GET,/api/pwa/shop-owner/apprentices/:,app/api/pwa/shop-owner/apprentices/[id]/route.ts,yes,getUser,no,no,no,yes
GET,/api/pwa/shop-owner/dashboard,app/api/pwa/shop-owner/dashboard/route.ts,yes,getUser,no,no,no,yes
GET,/api/pwa/shop-owner/pending-hours,app/api/pwa/shop-owner/pending-hours/route.ts,yes,getUser,no,no,no,yes
GET,/api/pwa/shop-owner/progress,app/api/pwa/shop-owner/progress/route.ts,yes,getUser,no,no,no,yes
GET,/api/pwa/shop-owner/reports,app/api/pwa/shop-owner/reports/route.ts,yes,getUser,no,no,no,yes
GET,/api/quick-test,app/api/quick-test/route.ts,yes,env_gate,no,no,yes,yes
GET,/api/recaps/:,app/api/recaps/[id]/route.ts,yes,getUser,no,no,no,yes
GET,/api/recaps/list,app/api/recaps/list/route.ts,yes,getUser,no,no,no,yes
GET,/api/recommendations/:,app/api/recommendations/[productId]/route.ts,no,NONE,no,no,no,no
GET,/api/reporting/dol-dwd,app/api/reporting/dol-dwd/route.ts,no,NONE,no,no,no,yes
GET,/api/reporting/funder-metrics,app/api/reporting/funder-metrics/route.ts,yes,apiRequireAdmin,no,no,no,no
GET,/api/reporting/overall-metrics,app/api/reporting/overall-metrics/route.ts,yes,apiRequireAdmin,no,no,no,no
GET,/api/reporting/program-metrics,app/api/reporting/program-metrics/route.ts,yes,apiRequireAdmin,no,no,no,no
GET,/api/reporting/recent-activity,app/api/reporting/recent-activity/route.ts,yes,apiRequireAdmin,no,no,no,yes
GET,/api/reporting/site-metrics,app/api/reporting/site-metrics/route.ts,yes,apiRequireAdmin,no,no,no,no
GET,/api/reports/caseload,app/api/reports/caseload/route.ts,yes,getUser,no,no,no,yes
GET,/api/reports/completions,app/api/reports/completions/route.ts,yes,getUser,no,no,no,yes
GET,/api/reports/credentials,app/api/reports/credentials/route.ts,yes,getUser,no,no,no,yes
GET,/api/reports/enrollments,app/api/reports/enrollments/route.ts,yes,getUser,no,no,no,yes
GET,/api/reports/funding,app/api/reports/funding/route.ts,yes,getUser,no,no,no,yes
GET,/api/reports/progress,app/api/reports/progress/route.ts,yes,getUser,no,no,no,yes
GET,/api/reports/rapids,app/api/reports/rapids/route.ts,yes,getUser,no,no,no,yes
GET,/api/reports/rapids/export,app/api/reports/rapids/export/route.ts,yes,getUser,no,no,no,yes
GET,/api/reports/usage,app/api/reports/usage/route.ts,yes,getUser,no,no,no,yes
GET,/api/reports/usage/delegate,app/api/reports/usage/delegate/route.ts,yes,getUser,no,no,no,yes
GET,/api/reports/wioa,app/api/reports/wioa/route.ts,yes,requireApiAuth,no,no,no,yes
GET,/api/run-all-tests,app/api/run-all-tests/route.ts,yes,env_gate,no,no,no,no
GET,/api/sam-gov/search,app/api/sam-gov/search/route.ts,no,NONE,no,no,no,no
GET,/api/scorm/enrollment/:,app/api/scorm/enrollment/[enrollmentId]/route.ts,yes,getUser,no,no,no,yes
GET,/api/search,app/api/search/route.ts,no,NONE,no,no,no,no
GET,/api/search/featured,app/api/search/featured/route.ts,no,NONE,no,no,no,no
GET,/api/sentry-test,app/api/sentry-test/route.ts,yes,env_gate,no,no,no,no
GET,/api/signature/documents/:,app/api/signature/documents/[id]/route.ts,yes,apiAuthGuard,no,no,no,yes
GET,/api/social/feeds,app/api/social/feeds/route.ts,no,NONE,no,yes,no,no
GET,/api/staff/customer-service,app/api/staff/customer-service/route.ts,yes,getUser,no,no,no,yes
GET,/api/staff/my-students,app/api/staff/my-students/route.ts,yes,getTenantContext,no,no,no,yes
GET,/api/staff/processes,app/api/staff/processes/route.ts,yes,getUser,no,no,no,yes
GET,/api/staff/processes/:,app/api/staff/processes/[id]/route.ts,yes,getUser,no,no,no,yes
GET,/api/status,app/api/status/route.ts,no,NONE,no,no,no,no
GET,/api/store/cards,app/api/store/cards/route.ts,yes,apiAuthGuard,no,no,no,no
GET,/api/store/download/:,app/api/store/download/[productId]/route.ts,no,NONE,no,no,yes,yes
GET,/api/store/licenses/get-by-payment,app/api/store/licenses/get-by-payment/route.ts,yes,apiAuthGuard,no,no,no,yes
GET,/api/store/products,app/api/store/products/route.ts,no,NONE,no,no,no,yes
GET,/api/student/achievements,app/api/student/achievements/route.ts,no,NONE,no,no,no,yes
GET,/api/student/dashboard,app/api/student/dashboard/route.ts,yes,getUser,no,no,no,yes
GET,/api/student/enrollments,app/api/student/enrollments/route.ts,yes,getUser,no,no,no,yes
GET,/api/student/hours,app/api/student/hours/route.ts,yes,getUser,no,no,no,yes
GET,/api/student/partner-enrollments,app/api/student/partner-enrollments/route.ts,yes,getUser,no,no,no,yes
GET,/api/student/streak,app/api/student/streak/route.ts,no,NONE,no,no,no,yes
GET,/api/studio/ws,app/api/studio/ws/route.ts,yes,apiAuthGuard,no,no,no,no
GET,/api/study-groups,app/api/study-groups/route.ts,yes,getUser,no,no,no,yes
GET,/api/supersonic-fast-cash/stats,app/api/supersonic-fast-cash/stats/route.ts,yes,apiAuthGuard,no,no,no,yes
GET,/api/system-status,app/api/system-status/route.ts,no,NONE,no,yes,no,yes
GET,/api/tax/documents,app/api/tax/documents/route.ts,yes,getUser,no,no,no,yes
GET,/api/tax/status,app/api/tax/status/route.ts,no,NONE,no,yes,no,no
GET,/api/test-admin-board,app/api/test-admin-board/route.ts,yes,env_gate,no,no,no,yes
GET,/api/test-compliance,app/api/test-compliance/route.ts,yes,env_gate,no,no,no,no
GET,/api/test-dashboards,app/api/test-dashboards/route.ts,yes,env_gate,no,no,no,no
GET,/api/test-everything,app/api/test-everything/route.ts,yes,env_gate,no,no,no,yes
GET,/api/test-get-students,app/api/test-get-students/route.ts,yes,env_gate,no,no,no,yes
GET,/api/test-license-enforcement,app/api/test-license-enforcement/route.ts,yes,env_gate,no,no,no,no
GET,/api/test-multi-tenant,app/api/test-multi-tenant/route.ts,yes,env_gate,no,no,yes,yes
GET,/api/test-partner-integrations,app/api/test-partner-integrations/route.ts,yes,env_gate,no,no,no,yes
GET,/api/test-production-ready,app/api/test-production-ready/route.ts,yes,api_key_check,no,no,no,yes
GET,/api/test-supabase,app/api/test-supabase/route.ts,yes,protectTestEndpoint,no,no,no,yes
GET,/api/test-supersonic-fast-cash,app/api/test-supersonic-fast-cash/route.ts,yes,env_gate,no,no,no,no
GET,/api/test-user-flows,app/api/test-user-flows/route.ts,yes,env_gate,no,no,yes,yes
GET,/api/testimonials,app/api/testimonials/route.ts,no,NONE,no,no,no,yes
GET,/api/time/export,app/api/time/export/route.ts,yes,getUser,no,no,no,yes
GET,/api/timeclock/context,app/api/timeclock/context/route.ts,yes,getUser,no,no,yes,yes
GET,/api/v1/health,app/api/v1/health/route.ts,no,NONE,no,no,no,no
GET,/api/verify/certificate/:,app/api/verify/certificate/[certificateId]/route.ts,no,NONE,no,no,no,yes
GET,/api/wioa/reporting,app/api/wioa/reporting/route.ts,yes,apiRequireAdmin,no,no,no,yes
GET,/api/workforce-board/performance-trends,app/api/workforce-board/performance-trends/route.ts,yes,apiRequireAdmin,no,no,no,yes
GET,/api/workone/list,app/api/workone/list/route.ts,yes,getUser,no,no,no,yes
GET|PATCH,/api/cases/:,app/api/cases/[caseId]/route.ts,yes,getUser,yes,no,no,yes
GET|PATCH,/api/cash-advances/applications/:,app/api/cash-advances/applications/[id]/route.ts,yes,apiAuthGuard,yes,no,yes,yes
GET|PATCH,/api/compliance/items,app/api/compliance/items/route.ts,yes,getUser,yes,no,yes,yes
GET|PATCH,/api/franchise/returns/:,app/api/franchise/returns/[returnId]/route.ts,yes,getUser,yes,no,yes,yes
GET|PATCH,/api/next-steps,app/api/next-steps/route.ts,yes,getUser,yes,no,yes,yes
GET|PATCH,/api/support/tickets/:,app/api/support/tickets/[id]/route.ts,yes,getUser,yes,no,yes,yes
GET|PATCH|DELETE,/api/admin/applications/:,app/api/admin/applications/[id]/route.ts,yes,apiRequireAdmin,yes,no,yes,yes
GET|PATCH|DELETE,/api/admin/courses/:,app/api/admin/courses/[id]/route.ts,yes,apiRequireAdmin,yes,no,no,yes
GET|PATCH|DELETE,/api/admin/enrollments/:,app/api/admin/enrollments/[id]/route.ts,yes,apiRequireAdmin,yes,no,no,yes
GET|PATCH|DELETE,/api/admin/lessons/:,app/api/admin/lessons/[id]/route.ts,yes,apiRequireAdmin,yes,no,no,yes
GET|PATCH|DELETE,/api/admin/programs/:,app/api/admin/programs/[id]/route.ts,yes,apiRequireAdmin,yes,no,yes,yes
GET|PATCH|DELETE,/api/admin/questions/:,app/api/admin/questions/[id]/route.ts,yes,apiRequireAdmin,yes,no,no,yes
GET|PATCH|DELETE,/api/admin/quizzes/:,app/api/admin/quizzes/[id]/route.ts,yes,apiRequireAdmin,yes,no,no,yes
GET|PATCH|DELETE,/api/courses/:,app/api/courses/[courseId]/route.ts,yes,getUser,yes,no,yes,yes
GET|PATCH|DELETE,/api/franchise/offices/:,app/api/franchise/offices/[officeId]/route.ts,yes,getUser,yes,no,no,yes
GET|PATCH|DELETE,/api/franchise/preparers/:,app/api/franchise/preparers/[preparerId]/route.ts,yes,getUser,yes,no,no,yes
GET|PATCH|DELETE,/api/hr/employees/:,app/api/hr/employees/[id]/route.ts,yes,apiRequireAdmin,yes,no,yes,yes
GET|POST,/api/accreditation/report,app/api/accreditation/report/route.ts,yes,getUser,yes,no,yes,yes
GET|POST,/api/achievements,app/api/achievements/route.ts,no,NONE,yes,no,yes,yes
GET|POST,/api/admin/applications,app/api/admin/applications/route.ts,yes,apiRequireAdmin,yes,no,yes,yes
GET|POST,/api/admin/backup,app/api/admin/backup/route.ts,yes,apiRequireAdmin,yes,no,no,no
GET|POST,/api/admin/career-courses,app/api/admin/career-courses/route.ts,yes,apiRequireAdmin,yes,no,yes,yes
GET|POST,/api/admin/catalog/export,app/api/admin/catalog/export/route.ts,yes,apiRequireAdmin,no,no,no,yes
GET|POST,/api/admin/certifications/review,app/api/admin/certifications/review/route.ts,yes,getUser,yes,no,yes,yes
GET|POST,/api/admin/courses,app/api/admin/courses/route.ts,yes,apiRequireAdmin,yes,no,no,yes
GET|POST,/api/admin/enrollment-jobs,app/api/admin/enrollment-jobs/route.ts,yes,getUser,yes,no,yes,yes
GET|POST,/api/admin/enrollments,app/api/admin/enrollments/route.ts,yes,apiRequireAdmin,yes,no,no,yes
GET|POST,/api/admin/generate-lesson-videos,app/api/admin/generate-lesson-videos/route.ts,yes,getUser,yes,no,yes,yes
GET|POST,/api/admin/incentives,app/api/admin/incentives/route.ts,yes,getUser,yes,no,yes,yes
GET|POST,/api/admin/intakes,app/api/admin/intakes/route.ts,yes,getUser,yes,no,yes,yes
GET|POST,/api/admin/lessons,app/api/admin/lessons/route.ts,yes,apiRequireAdmin,yes,no,no,yes
GET|POST,/api/admin/program-holders/mou/generate-pdf,app/api/admin/program-holders/mou/generate-pdf/route.ts,yes,apiRequireAdmin,no,no,no,no
GET|POST,/api/admin/programs,app/api/admin/programs/route.ts,yes,apiRequireAdmin,yes,no,yes,yes
GET|POST,/api/admin/questions,app/api/admin/questions/route.ts,yes,apiRequireAdmin,yes,no,no,yes
GET|POST,/api/admin/quizzes,app/api/admin/quizzes/route.ts,yes,apiRequireAdmin,yes,no,no,yes
GET|POST,/api/admin/rapids/export,app/api/admin/rapids/export/route.ts,yes,getUser,yes,no,no,yes
GET|POST,/api/admin/sso,app/api/admin/sso/route.ts,yes,withAuth,yes,no,yes,yes
GET|POST,/api/admin/students,app/api/admin/students/route.ts,yes,apiRequireAdmin,yes,no,yes,yes
GET|POST,/api/admin/tax-software/monitor,app/api/admin/tax-software/monitor/route.ts,yes,apiRequireAdmin,yes,no,no,no
GET|POST,/api/admin/tax-software/updates,app/api/admin/tax-software/updates/route.ts,yes,apiRequireAdmin,yes,no,no,no
GET|POST,/api/admin/users/role,app/api/admin/users/role/route.ts,yes,getUser,yes,no,yes,yes
GET|POST,/api/ai-assistant/chat,app/api/ai-assistant/chat/route.ts,yes,getUser,yes,no,yes,yes
GET|POST,/api/ai-instructor,app/api/ai-instructor/route.ts,yes,getUser,yes,no,yes,yes
GET|POST,/api/ai/chat,app/api/ai/chat/route.ts,yes,getUser,yes,no,yes,yes
GET|POST,/api/alert-scraper,app/api/alert-scraper/route.ts,yes,apiRequireAdmin,yes,no,yes,yes
GET|POST,/api/analytics/reports/wioa-quarterly,app/api/analytics/reports/wioa-quarterly/route.ts,yes,getUser,yes,no,yes,yes
GET|POST,/api/apprentice/email-alerts,app/api/apprentice/email-alerts/route.ts,yes,apiAuthGuard,yes,no,yes,yes
GET|POST,/api/apprentice/handbook,app/api/apprentice/handbook/route.ts,yes,getUser,yes,no,yes,yes
GET|POST,/api/apprentice/transfer-hours,app/api/apprentice/transfer-hours/route.ts,yes,getUser,yes,no,yes,yes
GET|POST,/api/apprenticeship/hours,app/api/apprenticeship/hours/route.ts,yes,getUser,yes,no,yes,yes
GET|POST,/api/assignments,app/api/assignments/route.ts,no,NONE,yes,no,yes,yes
GET|POST,/api/audit/launch,app/api/audit/launch/route.ts,yes,env_gate,yes,yes,no,no
GET|POST,/api/auth/login,app/api/auth/login/route.ts,no,NONE,yes,no,no,yes
GET|POST,/api/autopilot/deploy,app/api/autopilot/deploy/route.ts,yes,getUser,no,no,no,yes
GET|POST,/api/autopilot/sitemap,app/api/autopilot/sitemap/route.ts,yes,apiRequireAdmin,no,no,no,no
GET|POST,/api/autopilots/deploy,app/api/autopilots/deploy/route.ts,yes,apiRequireAdmin,no,no,no,no
GET|POST,/api/barber/checkout,app/api/barber/checkout/route.ts,yes,getUser,yes,no,yes,yes
GET|POST,/api/barber/checkout/public,app/api/barber/checkout/public/route.ts,no,NONE,yes,no,no,yes
GET|POST,/api/blog/posts,app/api/blog/posts/route.ts,yes,getUser,yes,no,yes,yes
GET|POST,/api/board/compliance-report,app/api/board/compliance-report/route.ts,yes,apiRequireAdmin,no,no,no,no
GET|POST,/api/board/referrals,app/api/board/referrals/route.ts,yes,getUser,yes,no,yes,yes
GET|POST,/api/call-requests,app/api/call-requests/route.ts,yes,apiAuthGuard,yes,no,yes,yes
GET|POST,/api/career-counseling/chat,app/api/career-counseling/chat/route.ts,yes,getUser,yes,no,yes,yes
GET|POST,/api/cases,app/api/cases/route.ts,yes,getUser,yes,no,no,yes
GET|POST,/api/cases/:/signatures,app/api/cases/[caseId]/signatures/route.ts,yes,getUser,yes,no,no,yes
GET|POST,/api/certificates,app/api/certificates/route.ts,no,NONE,yes,no,yes,yes
GET|POST,/api/certificates/download,app/api/certificates/download/route.ts,yes,getUser,yes,no,yes,yes
GET|POST,/api/certifications/careersafe,app/api/certifications/careersafe/route.ts,yes,getUser,yes,no,yes,yes
GET|POST,/api/certifications/certiport,app/api/certifications/certiport/route.ts,yes,apiAuthGuard,yes,no,no,no
GET|POST,/api/certifications/rise-up,app/api/certifications/rise-up/route.ts,yes,getUser,yes,no,yes,yes
GET|POST,/api/chat/avatar-assistant,app/api/chat/avatar-assistant/route.ts,yes,getUser,yes,no,yes,yes
GET|POST,/api/chatbot/calendly-webhook,app/api/chatbot/calendly-webhook/route.ts,no,NONE,yes,no,no,no
GET|POST,/api/chatbot/lead,app/api/chatbot/lead/route.ts,no,NONE,yes,no,no,no
GET|POST,/api/compliance/report,app/api/compliance/report/route.ts,yes,getUser,yes,no,yes,yes
GET|POST,/api/consent,app/api/consent/route.ts,yes,getUser,yes,no,no,yes
GET|POST,/api/content-library,app/api/content-library/route.ts,yes,getUser,yes,no,yes,yes
GET|POST,/api/courses,app/api/courses/route.ts,yes,getUser,yes,no,no,yes
GET|POST,/api/courses/:/announcements,app/api/courses/[courseId]/announcements/route.ts,no,NONE,yes,no,yes,yes
GET|POST,/api/courses/:/check-completion,app/api/courses/[courseId]/check-completion/route.ts,yes,getUser,no,no,yes,yes
GET|POST,/api/courses/:/complete,app/api/courses/[courseId]/complete/route.ts,no,NONE,no,no,yes,yes
GET|POST,/api/courses/:/reviews,app/api/courses/[courseId]/reviews/route.ts,no,NONE,yes,no,yes,yes
GET|POST,/api/courses/authoring,app/api/courses/authoring/route.ts,yes,getUser,yes,no,yes,yes
GET|POST,/api/credentials/verify,app/api/credentials/verify/route.ts,yes,getUser,yes,no,yes,yes
GET|POST,/api/cron/check-stuck-approvals,app/api/cron/check-stuck-approvals/route.ts,yes,api_key_check,no,no,yes,yes
GET|POST,/api/cron/daily-attendance-alerts,app/api/cron/daily-attendance-alerts/route.ts,yes,api_key_check,no,no,yes,yes
GET|POST,/api/cron/process-notifications,app/api/cron/process-notifications/route.ts,yes,api_key_check,no,no,no,no
GET|POST,/api/cron/weekly-verdicts,app/api/cron/weekly-verdicts/route.ts,yes,api_key_check,no,no,yes,yes
GET|POST,/api/curvature/appointments,app/api/curvature/appointments/route.ts,yes,getUser,yes,no,yes,yes
GET|POST,/api/documents/upload,app/api/documents/upload/route.ts,yes,getUser,yes,yes,yes,yes
GET|POST,/api/email,app/api/email/route.ts,yes,getUser,yes,no,yes,yes
GET|POST,/api/email/campaigns,app/api/email/campaigns/route.ts,yes,apiRequireAdmin,yes,no,yes,yes
GET|POST,/api/email/scheduler,app/api/email/scheduler/route.ts,yes,apiRequireAdmin,no,no,yes,yes
GET|POST,/api/email/workflows,app/api/email/workflows/route.ts,yes,apiRequireAdmin,yes,no,yes,yes
GET|POST,/api/email/workflows/processor,app/api/email/workflows/processor/route.ts,yes,apiRequireAdmin,no,no,yes,yes
GET|POST,/api/employers/onboard,app/api/employers/onboard/route.ts,yes,apiAuthGuard,yes,no,yes,yes
GET|POST,/api/enrollment-count,app/api/enrollment-count/route.ts,no,NONE,yes,no,no,no
GET|POST,/api/enrollments,app/api/enrollments/route.ts,no,NONE,yes,no,yes,yes
GET|POST,/api/events,app/api/events/route.ts,yes,getUser,yes,no,yes,yes
GET|POST,/api/export,app/api/export/route.ts,yes,apiRequireAdmin,yes,yes,no,no
GET|POST,/api/feedback,app/api/feedback/route.ts,yes,getUser,yes,no,yes,yes
GET|POST,/api/forums/:,app/api/forums/[forumId]/route.ts,no,NONE,yes,no,yes,yes
GET|POST,/api/forums/:/threads/:,app/api/forums/[forumId]/threads/[threadId]/route.ts,no,NONE,yes,no,yes,yes
GET|POST,/api/forums/posts,app/api/forums/posts/route.ts,yes,getUser,yes,no,yes,yes
GET|POST,/api/forums/threads,app/api/forums/threads/route.ts,yes,getUser,yes,no,yes,yes
GET|POST,/api/franchise/clients,app/api/franchise/clients/route.ts,yes,getUser,yes,no,no,yes
GET|POST,/api/franchise/ero,app/api/franchise/ero/route.ts,yes,getUser,yes,yes,no,yes
GET|POST,/api/franchise/ero/sign,app/api/franchise/ero/sign/route.ts,yes,getUser,yes,yes,no,yes
GET|POST,/api/franchise/offices,app/api/franchise/offices/route.ts,yes,getUser,yes,no,no,yes
GET|POST,/api/franchise/preparers,app/api/franchise/preparers/route.ts,yes,getUser,yes,no,no,yes
GET|POST,/api/franchise/returns,app/api/franchise/returns/route.ts,yes,getUser,yes,no,no,yes
GET|POST,/api/funding/track,app/api/funding/track/route.ts,no,NONE,yes,no,yes,yes
GET|POST,/api/funding/update,app/api/funding/update/route.ts,yes,apiAuthGuard,yes,no,yes,yes
GET|POST,/api/gamification/badges,app/api/gamification/badges/route.ts,yes,getUser,yes,no,yes,yes
GET|POST,/api/gamification/points,app/api/gamification/points/route.ts,yes,getUser,yes,no,yes,yes
GET|POST,/api/github/branches,app/api/github/branches/route.ts,no,NONE,yes,no,no,no
GET|POST,/api/github/conflicts,app/api/github/conflicts/route.ts,no,NONE,yes,no,no,no
GET|POST,/api/github/merge,app/api/github/merge/route.ts,no,NONE,yes,no,no,no
GET|POST,/api/grants/submit,app/api/grants/submit/route.ts,yes,apiRequireAdmin,yes,no,no,no
GET|POST,/api/grants/sync,app/api/grants/sync/route.ts,yes,apiRequireAdmin,no,no,yes,yes
GET|POST,/api/hr/benefits-plans,app/api/hr/benefits-plans/route.ts,yes,apiRequireAdmin,yes,no,yes,yes
GET|POST,/api/hr/benefits/enrollments,app/api/hr/benefits/enrollments/route.ts,yes,apiRequireAdmin,yes,no,yes,yes
GET|POST,/api/hr/departments,app/api/hr/departments/route.ts,yes,apiRequireAdmin,yes,no,yes,yes
GET|POST,/api/hr/employees,app/api/hr/employees/route.ts,yes,apiRequireAdmin,yes,no,yes,yes
GET|POST,/api/hr/leave-requests,app/api/hr/leave-requests/route.ts,yes,apiRequireAdmin,yes,no,yes,yes
GET|POST,/api/hr/payroll,app/api/hr/payroll/route.ts,yes,getUser,yes,no,yes,yes
GET|POST,/api/hr/performance-reviews,app/api/hr/performance-reviews/route.ts,yes,apiRequireAdmin,yes,no,yes,yes
GET|POST,/api/hr/time-entries,app/api/hr/time-entries/route.ts,yes,apiRequireAdmin,yes,no,yes,yes
GET|POST,/api/intakes,app/api/intakes/route.ts,yes,getUser,yes,no,yes,yes
GET|POST,/api/learning-paths,app/api/learning-paths/route.ts,yes,getUser,yes,no,yes,yes
GET|POST,/api/legal/accept,app/api/legal/accept/route.ts,yes,getUser,yes,no,yes,yes
GET|POST,/api/lessons/:/bookmarks,app/api/lessons/[lessonId]/bookmarks/route.ts,no,NONE,yes,no,yes,yes
GET|POST,/api/lessons/:/notes,app/api/lessons/[lessonId]/notes/route.ts,no,NONE,yes,no,yes,yes
GET|POST,/api/lessons/:/qa,app/api/lessons/[lessonId]/qa/route.ts,no,NONE,yes,no,yes,yes
GET|POST,/api/license/upgrade,app/api/license/upgrade/route.ts,yes,getUser,yes,no,yes,yes
GET|POST,/api/licenses/checkout,app/api/licenses/checkout/route.ts,yes,getUser,yes,no,yes,yes
GET|POST,/api/licenses/purchase,app/api/licenses/purchase/route.ts,yes,getUser,yes,no,yes,yes
GET|POST,/api/live-classes,app/api/live-classes/route.ts,yes,getUser,yes,no,yes,yes
GET|POST,/api/lms/messages,app/api/lms/messages/route.ts,yes,getUser,yes,no,yes,yes
GET|POST,/api/marketing/campaigns,app/api/marketing/campaigns/route.ts,yes,getUser,yes,no,yes,yes
GET|POST,/api/marketing/contacts,app/api/marketing/contacts/route.ts,yes,apiRequireAdmin,yes,no,yes,yes
GET|POST,/api/media/enhance-video,app/api/media/enhance-video/route.ts,yes,getUser,yes,yes,no,yes
GET|POST,/api/messages,app/api/messages/route.ts,no,NONE,yes,no,yes,yes
GET|POST,/api/milady-rise/enroll,app/api/milady-rise/enroll/route.ts,no,NONE,yes,no,yes,yes
GET|POST,/api/milady/access,app/api/milady/access/route.ts,yes,getUser,yes,no,no,yes
GET|POST,/api/moderation,app/api/moderation/route.ts,yes,apiRequireAdmin,yes,no,no,no
GET|POST,/api/notes,app/api/notes/route.ts,yes,getUser,yes,no,yes,yes
GET|POST,/api/ocr/extract,app/api/ocr/extract/route.ts,yes,getUser,yes,no,yes,yes
GET|POST,/api/ojt/hours,app/api/ojt/hours/route.ts,yes,getUser,yes,no,yes,yes
GET|POST,/api/onboarding,app/api/onboarding/route.ts,yes,requireApiAuth,yes,no,no,yes
GET|POST,/api/onboarding/submit,app/api/onboarding/submit/route.ts,yes,getUser,yes,no,yes,yes
GET|POST,/api/org/accept-invite,app/api/org/accept-invite/route.ts,yes,getUser,yes,no,yes,yes
GET|POST,/api/org/invite,app/api/org/invite/route.ts,yes,getUser,yes,no,yes,yes
GET|POST,/api/partner/applications,app/api/partner/applications/route.ts,yes,getUser,yes,no,yes,yes
GET|POST,/api/partner/attendance,app/api/partner/attendance/route.ts,yes,getUser,yes,no,yes,yes
GET|POST,/api/partner/courses,app/api/partner/courses/route.ts,yes,getUser,yes,yes,yes,yes
GET|POST,/api/partner/documents,app/api/partner/documents/route.ts,yes,getUser,yes,no,yes,yes
GET|POST,/api/partner/enroll,app/api/partner/enroll/route.ts,yes,getUser,yes,no,yes,yes
GET|POST,/api/partners/catalog,app/api/partners/catalog/route.ts,yes,getUser,yes,no,yes,yes
GET|POST,/api/partners/sync,app/api/partners/sync/route.ts,yes,getUser,yes,no,yes,yes
GET|POST,/api/payments,app/api/payments/route.ts,yes,apiAuthGuard,yes,yes,no,yes
GET|POST,/api/payments/create-session,app/api/payments/create-session/route.ts,yes,getUser,yes,no,yes,yes
GET|POST,/api/programs/enroll/checkout,app/api/programs/enroll/checkout/route.ts,yes,getUser,yes,no,no,yes
GET|POST,/api/progress,app/api/progress/route.ts,no,NONE,yes,no,yes,yes
GET|POST,/api/provisioning/tenant,app/api/provisioning/tenant/route.ts,yes,getUser,yes,no,yes,yes
GET|POST,/api/pwa/barber/training,app/api/pwa/barber/training/route.ts,yes,getUser,yes,no,yes,yes
GET|POST,/api/quizzes/:,app/api/quizzes/[quizId]/route.ts,yes,apiAuthGuard,yes,yes,yes,yes
GET|POST,/api/rapids/update,app/api/rapids/update/route.ts,yes,apiRequireAdmin,yes,no,yes,yes
GET|POST,/api/referrals,app/api/referrals/route.ts,yes,apiAuthGuard,yes,yes,no,no
GET|POST,/api/reports/wioa-quarterly,app/api/reports/wioa-quarterly/route.ts,yes,getUser,yes,no,yes,yes
GET|POST,/api/reviews,app/api/reviews/route.ts,yes,getUser,yes,no,yes,yes
GET|POST,/api/sam-gov/sync,app/api/sam-gov/sync/route.ts,yes,api_key_check,no,no,yes,yes
GET|POST,/api/scorm/attempts/:/data,app/api/scorm/attempts/[attemptId]/data/route.ts,yes,requireApiAuth,yes,no,yes,yes
GET|POST,/api/scorm/tracking,app/api/scorm/tracking/route.ts,yes,getUser,yes,no,yes,yes
GET|POST,/api/sezzle/checkout,app/api/sezzle/checkout/route.ts,no,NONE,yes,no,yes,yes
GET|POST,/api/shop/checkin/qr,app/api/shop/checkin/qr/route.ts,yes,getUser,no,yes,yes,yes
GET|POST,/api/simulate-user-journey,app/api/simulate-user-journey/route.ts,yes,getUser,yes,no,yes,yes
GET|POST,/api/soc/mark,app/api/soc/mark/route.ts,yes,apiRequireAdmin,yes,no,yes,yes
GET|POST,/api/social-media/campaigns,app/api/social-media/campaigns/route.ts,yes,apiRequireAdmin,yes,no,yes,yes
GET|POST,/api/social-media/post,app/api/social-media/post/route.ts,yes,getUser,yes,no,yes,yes
GET|POST,/api/social-media/scheduler,app/api/social-media/scheduler/route.ts,no,NONE,no,no,yes,yes
GET|POST,/api/social/schedule,app/api/social/schedule/route.ts,yes,getUser,yes,no,yes,yes
GET|POST,/api/staff/qa-checklist,app/api/staff/qa-checklist/route.ts,yes,getUser,yes,no,yes,yes
GET|POST,/api/staff/training,app/api/staff/training/route.ts,yes,getUser,yes,no,yes,yes
GET|POST,/api/store/process-queue,app/api/store/process-queue/route.ts,yes,getUser,no,no,no,yes
GET|POST,/api/stripe/invoice/create,app/api/stripe/invoice/create/route.ts,yes,apiAuthGuard,yes,no,yes,yes
GET|POST,/api/student/goals,app/api/student/goals/route.ts,no,NONE,yes,no,yes,yes
GET|POST,/api/student/progress,app/api/student/progress/route.ts,yes,getUser,yes,no,yes,yes
GET|POST,/api/studio/chat,app/api/studio/chat/route.ts,no,NONE,yes,no,yes,yes
GET|POST,/api/studio/recent,app/api/studio/recent/route.ts,no,NONE,yes,no,yes,yes
GET|POST,/api/supersonic-fast-cash/apply,app/api/supersonic-fast-cash/apply/route.ts,no,NONE,yes,no,yes,yes
GET|POST,/api/supersonic-fast-cash/appointments,app/api/supersonic-fast-cash/appointments/route.ts,yes,apiAuthGuard,yes,no,yes,yes
GET|POST,/api/supersonic-fast-cash/careers,app/api/supersonic-fast-cash/careers/route.ts,yes,getUser,yes,no,yes,yes
GET|POST,/api/supersonic-fast-cash/clients,app/api/supersonic-fast-cash/clients/route.ts,yes,apiAuthGuard,yes,no,yes,yes
GET|POST,/api/supersonic-fast-cash/competency-test,app/api/supersonic-fast-cash/competency-test/route.ts,yes,getUser,yes,no,yes,yes
GET|POST,/api/supersonic-fast-cash/jotform-webhook,app/api/supersonic-fast-cash/jotform-webhook/route.ts,no,NONE,yes,no,yes,yes
GET|POST,/api/supersonic-fast-cash/ocr-extract,app/api/supersonic-fast-cash/ocr-extract/route.ts,yes,apiAuthGuard,yes,no,no,no
GET|POST,/api/supersonic-fast-cash/refund-tracking,app/api/supersonic-fast-cash/refund-tracking/route.ts,yes,apiAuthGuard,yes,no,yes,yes
GET|POST,/api/supersonic-fast-cash/save-calculation,app/api/supersonic-fast-cash/save-calculation/route.ts,yes,getUser,yes,no,yes,yes
GET|POST,/api/supersonic-fast-cash/sub-office-agreements,app/api/supersonic-fast-cash/sub-office-agreements/route.ts,yes,apiAuthGuard,yes,no,yes,yes
GET|POST,/api/support/tickets,app/api/support/tickets/route.ts,yes,getUser,yes,yes,yes,yes
GET|POST,/api/surveys,app/api/surveys/route.ts,yes,getUser,yes,no,yes,yes
GET|POST,/api/tax-filing/applications,app/api/tax-filing/applications/route.ts,yes,apiAuthGuard,yes,no,yes,yes
GET|POST,/api/tax-intake,app/api/tax-intake/route.ts,no,NONE,yes,no,yes,yes
GET|POST,/api/tax/calculate,app/api/tax/calculate/route.ts,yes,apiAuthGuard,yes,yes,no,no
GET|POST,/api/tenants/create,app/api/tenants/create/route.ts,yes,apiRequireAdmin,yes,no,yes,yes
GET|POST,/api/test-insert,app/api/test-insert/route.ts,yes,env_gate,yes,no,yes,yes
GET|POST,/api/time/approve,app/api/time/approve/route.ts,yes,getUser,yes,no,yes,yes
GET|POST,/api/time/entries,app/api/time/entries/route.ts,yes,getUser,yes,no,yes,yes
GET|POST,/api/token/validate,app/api/token/validate/route.ts,no,NONE,yes,yes,no,no
GET|POST,/api/track-usage,app/api/track-usage/route.ts,no,NONE,yes,no,yes,yes
GET|POST,/api/trap,app/api/trap/route.ts,no,NONE,no,no,no,no
GET|POST,/api/tutorials,app/api/tutorials/route.ts,yes,apiAuthGuard,yes,no,yes,yes
GET|POST,/api/v1/courses,app/api/v1/courses/route.ts,no,NONE,yes,no,yes,yes
GET|POST,/api/v1/enrollments,app/api/v1/enrollments/route.ts,no,NONE,yes,no,yes,yes
GET|POST,/api/v1/import,app/api/v1/import/route.ts,no,NONE,yes,yes,yes,yes
GET|POST,/api/v1/users,app/api/v1/users/route.ts,no,NONE,yes,no,yes,yes
GET|POST,/api/verification/submit,app/api/verification/submit/route.ts,yes,getUser,yes,no,yes,yes
GET|POST,/api/video/generate,app/api/video/generate/route.ts,yes,getUser,yes,no,no,yes
GET|POST,/api/video/progress,app/api/video/progress/route.ts,no,NONE,yes,no,yes,yes
GET|POST,/api/videos/:/meta,app/api/videos/[videoId]/meta/route.ts,yes,getUser,yes,no,yes,yes
GET|POST,/api/webhooks,app/api/webhooks/route.ts,yes,apiRequireAdmin,yes,no,no,no
GET|POST,/api/wioa/case-management,app/api/wioa/case-management/route.ts,yes,apiRequireAdmin,yes,no,yes,yes
GET|POST,/api/wioa/eligibility,app/api/wioa/eligibility/route.ts,yes,apiRequireAdmin,yes,no,yes,yes
GET|POST,/api/wioa/employment,app/api/wioa/employment/route.ts,yes,apiRequireAdmin,yes,no,yes,yes
GET|POST,/api/wioa/iep,app/api/wioa/iep/route.ts,yes,apiRequireAdmin,yes,no,yes,yes
GET|POST,/api/wioa/support-services,app/api/wioa/support-services/route.ts,yes,apiRequireAdmin,yes,no,yes,yes
GET|POST,/api/wotc/update,app/api/wotc/update/route.ts,yes,apiRequireAdmin,yes,no,yes,yes
GET|POST,/api/xapi,app/api/xapi/route.ts,yes,apiAuthGuard,yes,no,yes,yes
GET|POST,/api/xapi/statement,app/api/xapi/statement/route.ts,no,NONE,yes,no,yes,yes
GET|POST|DELETE,/api/apprentice/documents,app/api/apprentice/documents/route.ts,yes,getUser,yes,yes,yes,yes
GET|POST|DELETE,/api/autopilot,app/api/autopilot/route.ts,yes,apiRequireAdmin,yes,yes,no,no
GET|POST|DELETE,/api/files,app/api/files/route.ts,yes,getUser,yes,no,yes,yes
GET|POST|DELETE,/api/studio/favorites,app/api/studio/favorites/route.ts,no,NONE,yes,no,yes,yes
GET|POST|DELETE,/api/studio/repos,app/api/studio/repos/route.ts,no,NONE,yes,no,yes,yes
GET|POST|DELETE,/api/studio/share,app/api/studio/share/route.ts,no,NONE,yes,no,yes,yes
GET|POST|DELETE,/api/uploads,app/api/uploads/route.ts,yes,getUser,yes,no,yes,yes
GET|POST|PATCH,/api/cases/:/tasks,app/api/cases/[caseId]/tasks/route.ts,yes,getUser,yes,no,yes,yes
GET|POST|PATCH,/api/compliance-audit,app/api/compliance-audit/route.ts,yes,getUser,yes,no,yes,yes
GET|POST|PATCH,/api/employer-sponsorship,app/api/employer-sponsorship/route.ts,yes,getUser,yes,yes,yes,yes
GET|POST|PATCH,/api/grants/notifications,app/api/grants/notifications/route.ts,yes,apiRequireAdmin,yes,no,yes,yes
GET|POST|PATCH,/api/intake/workflow,app/api/intake/workflow/route.ts,yes,getUser,yes,yes,yes,yes
GET|POST|PATCH,/api/ojt/submit,app/api/ojt/submit/route.ts,yes,apiAuthGuard,yes,no,yes,yes
GET|POST|PATCH,/api/v1/tenant/branding,app/api/v1/tenant/branding/route.ts,no,NONE,yes,yes,yes,yes
GET|POST|PATCH|DELETE,/api/admin/cohorts,app/api/admin/cohorts/route.ts,yes,apiRequireAdmin,yes,no,yes,yes
GET|POST|PATCH|DELETE,/api/admin/copilot/deploy,app/api/admin/copilot/deploy/route.ts,yes,getUser,yes,no,yes,yes
GET|POST|PATCH|DELETE,/api/cart,app/api/cart/route.ts,yes,env_gate,yes,no,yes,yes
GET|POST|PUT,/api/courses/:/modules,app/api/courses/[courseId]/modules/route.ts,yes,getUser,yes,no,yes,yes
GET|POST|PUT,/api/github/actions,app/api/github/actions/route.ts,no,NONE,yes,no,no,no
GET|POST|PUT,/api/github/pulls,app/api/github/pulls/route.ts,no,NONE,yes,no,yes,no
GET|POST|PUT,/api/github/reviews,app/api/github/reviews/route.ts,no,NONE,yes,no,no,no
GET|POST|PUT,/api/studio/deploy,app/api/studio/deploy/route.ts,no,NONE,yes,no,yes,yes
GET|POST|PUT,/api/wioa/iep/:,app/api/wioa/iep/[id]/route.ts,yes,apiRequireAdmin,yes,no,yes,yes
GET|POST|PUT|DELETE,/api/admin/promo-codes,app/api/admin/promo-codes/route.ts,yes,apiRequireAdmin,yes,no,yes,yes
GET|POST|PUT|DELETE,/api/calendar,app/api/calendar/route.ts,yes,getUser,yes,no,yes,yes
GET|POST|PUT|DELETE,/api/github/stash,app/api/github/stash/route.ts,no,NONE,yes,no,no,no
GET|POST|PUT|DELETE,/api/studio/comments,app/api/studio/comments/route.ts,no,NONE,yes,no,yes,yes
GET|POST|PUT|DELETE,/api/studio/deploy-tokens,app/api/studio/deploy-tokens/route.ts,yes,apiRequireAdmin,yes,no,yes,yes
GET|POST|PUT|DELETE,/api/studio/pr-tracking,app/api/studio/pr-tracking/route.ts,yes,apiRequireAdmin,yes,no,yes,yes
GET|POST|PUT|DELETE,/api/studio/workflow-tracking,app/api/studio/workflow-tracking/route.ts,yes,apiRequireAdmin,yes,no,yes,yes
GET|POST|PUT|PATCH,/api/workforce-referral,app/api/workforce-referral/route.ts,yes,getUser,yes,no,yes,yes
GET|PUT,/api/shop/details,app/api/shop/details/route.ts,yes,getUser,yes,no,yes,yes
GET|PUT,/api/studio/session,app/api/studio/session/route.ts,no,NONE,yes,no,yes,yes
GET|PUT,/api/studio/settings,app/api/studio/settings/route.ts,no,NONE,yes,no,yes,yes
GET|PUT,/api/wioa/case-management/:,app/api/wioa/case-management/[id]/route.ts,yes,apiRequireAdmin,yes,no,yes,yes
GET|PUT|PATCH|DELETE,/api/github/file,app/api/github/file/route.ts,no,NONE,yes,no,no,no
PATCH,/api/admin/career-courses/modules/:,app/api/admin/career-courses/modules/[id]/route.ts,yes,apiRequireAdmin,yes,no,yes,yes
PATCH,/api/employers/onboard/:,app/api/employers/onboard/[id]/route.ts,yes,apiAuthGuard,yes,no,yes,yes
PATCH,/api/hr/leave-requests/:,app/api/hr/leave-requests/[id]/route.ts,yes,getUser,yes,no,yes,yes
PATCH,/api/workone/:,app/api/workone/[id]/route.ts,yes,getUser,yes,no,yes,yes
PATCH|DELETE,/api/admin/licenses/:,app/api/admin/licenses/[id]/route.ts,yes,getTenantContext,yes,no,yes,yes
PATCH|DELETE,/api/hr/time-entries/:,app/api/hr/time-entries/[id]/route.ts,yes,apiRequireAdmin,yes,no,yes,yes
PATCH|DELETE,/api/messages/:,app/api/messages/[id]/route.ts,no,NONE,no,no,yes,yes
POST,/api/account/delete,app/api/account/delete/route.ts,yes,requireApiAuth,no,no,yes,yes
POST,/api/activity/watch-tick,app/api/activity/watch-tick/route.ts,no,NONE,yes,no,yes,yes
POST,/api/admin/applications/:/approve,app/api/admin/applications/[id]/approve/route.ts,no,NONE,yes,no,yes,yes
POST,/api/admin/applications/transition,app/api/admin/applications/transition/route.ts,yes,getUser,yes,no,yes,yes
POST,/api/admin/assign-shop-placement,app/api/admin/assign-shop-placement/route.ts,yes,getUser,yes,no,yes,yes
POST,/api/admin/bulk,app/api/admin/bulk/route.ts,yes,apiRequireAdmin,yes,no,no,no
POST,/api/admin/creators/approve,app/api/admin/creators/approve/route.ts,yes,getUser,yes,no,yes,yes
POST,/api/admin/creators/reject,app/api/admin/creators/reject/route.ts,yes,getUser,yes,yes,yes,yes
POST,/api/admin/deploy,app/api/admin/deploy/route.ts,yes,getUser,no,no,no,yes
POST,/api/admin/documents/review,app/api/admin/documents/review/route.ts,yes,getUser,yes,no,yes,yes
POST,/api/admin/external-progress/update,app/api/admin/external-progress/update/route.ts,yes,withAuth,yes,no,yes,yes
POST,/api/admin/fix-enrollment-policies,app/api/admin/fix-enrollment-policies/route.ts,yes,withAuth,no,no,yes,yes
POST,/api/admin/import,app/api/admin/import/route.ts,yes,getUser,yes,no,yes,yes
POST,/api/admin/jobs/:/retry,app/api/admin/jobs/[id]/retry/route.ts,yes,apiRequireAdmin,no,no,yes,yes
POST,/api/admin/next-steps/update,app/api/admin/next-steps/update/route.ts,yes,getUser,yes,no,yes,yes
POST,/api/admin/payouts/mark-paid,app/api/admin/payouts/mark-paid/route.ts,yes,apiRequireAdmin,yes,no,yes,yes
POST,/api/admin/products/approve,app/api/admin/products/approve/route.ts,yes,apiRequireAdmin,yes,no,yes,yes
POST,/api/admin/products/reject,app/api/admin/products/reject/route.ts,yes,apiRequireAdmin,yes,no,yes,yes
POST,/api/admin/program-holders/mou/countersign,app/api/admin/program-holders/mou/countersign/route.ts,yes,withAuth,yes,no,yes,yes
POST,/api/admin/program-holders/update,app/api/admin/program-holders/update/route.ts,yes,withAuth,yes,no,yes,yes
POST,/api/admin/reports/daily,app/api/admin/reports/daily/route.ts,yes,withAuth,no,no,no,yes
POST,/api/admin/review-queue/resolve,app/api/admin/review-queue/resolve/route.ts,yes,getUser,yes,no,yes,yes
POST,/api/admin/revoke-all-sessions,app/api/admin/revoke-all-sessions/route.ts,yes,getUser,yes,no,no,yes
POST,/api/admin/run-migrations,app/api/admin/run-migrations/route.ts,no,NONE,no,no,no,yes
POST,/api/admin/script-acknowledgment,app/api/admin/script-acknowledgment/route.ts,yes,getUser,yes,no,yes,yes
POST,/api/admin/script-deviation,app/api/admin/script-deviation/route.ts,yes,getUser,yes,no,yes,yes
POST,/api/admin/seed,app/api/admin/seed/route.ts,yes,getUser,no,no,yes,yes
POST,/api/admin/send-reminder,app/api/admin/send-reminder/route.ts,no,NONE,yes,no,yes,yes
POST,/api/admin/setup-contacts,app/api/admin/setup-contacts/route.ts,yes,withAuth,no,no,yes,yes
POST,/api/admin/shop-docs/approve,app/api/admin/shop-docs/approve/route.ts,yes,getUser,yes,no,yes,yes
POST,/api/admin/shops/geocode,app/api/admin/shops/geocode/route.ts,yes,getUser,yes,no,yes,yes
POST,/api/admin/test-email,app/api/admin/test-email/route.ts,yes,getUser,yes,no,no,yes
POST,/api/admin/verifications/review,app/api/admin/verifications/review/route.ts,yes,getUser,yes,no,yes,yes
POST,/api/admin/videos/upload,app/api/admin/videos/upload/route.ts,yes,withAuth,yes,no,yes,yes
POST,/api/advising-request,app/api/advising-request/route.ts,no,NONE,yes,no,yes,yes
POST,/api/affirm/checkout,app/api/affirm/checkout/route.ts,yes,apiAuthGuard,yes,no,yes,yes
POST,/api/affirm/webhook,app/api/affirm/webhook/route.ts,no,NONE,yes,yes,yes,yes
POST,/api/ai-chat,app/api/ai-chat/route.ts,yes,getUser,yes,no,yes,yes
POST,/api/ai-instructor/message,app/api/ai-instructor/message/route.ts,yes,apiAuthGuard,yes,no,no,no
POST,/api/ai-studio/generate-avatar,app/api/ai-studio/generate-avatar/route.ts,yes,apiAuthGuard,yes,no,no,no
POST,/api/ai-studio/generate-music,app/api/ai-studio/generate-music/route.ts,yes,apiAuthGuard,yes,no,no,no
POST,/api/ai-studio/generate-video,app/api/ai-studio/generate-video/route.ts,yes,apiAuthGuard,yes,no,no,no
POST,/api/ai-tutor-basic,app/api/ai-tutor-basic/route.ts,yes,apiAuthGuard,yes,no,no,no
POST,/api/ai-tutor/chat,app/api/ai-tutor/chat/route.ts,yes,getUser,yes,no,yes,yes
POST,/api/ai/build-remote,app/api/ai/build-remote/route.ts,no,NONE,yes,no,no,no
POST,/api/ai/course-builder,app/api/ai/course-builder/route.ts,yes,getUser,yes,no,yes,yes
POST,/api/ai/generate-asset,app/api/ai/generate-asset/route.ts,yes,apiAuthGuard,yes,no,no,no
POST,/api/ai/generate-course,app/api/ai/generate-course/route.ts,yes,apiAuthGuard,yes,yes,no,no
POST,/api/ai/generate-course-outline,app/api/ai/generate-course-outline/route.ts,yes,apiAuthGuard,yes,no,no,no
POST,/api/ai/generate-script,app/api/ai/generate-script/route.ts,yes,apiAuthGuard,yes,no,no,no
POST,/api/ai/generate-site,app/api/ai/generate-site/route.ts,no,NONE,yes,yes,no,no
POST,/api/ai/import-site,app/api/ai/import-site/route.ts,yes,apiAuthGuard,yes,yes,no,no
POST,/api/ai/instructor,app/api/ai/instructor/route.ts,yes,getUser,yes,no,yes,yes
POST,/api/ai/job-match,app/api/ai/job-match/route.ts,yes,getUser,yes,no,yes,yes
POST,/api/ai/tutor,app/api/ai/tutor/route.ts,yes,getUser,yes,no,no,yes
POST,/api/analytics/events,app/api/analytics/events/route.ts,yes,apiRequireAdmin,yes,no,yes,yes
POST,/api/analytics/performance-alert,app/api/analytics/performance-alert/route.ts,yes,apiRequireAdmin,yes,no,no,no
POST,/api/analytics/performance/alert,app/api/analytics/performance/alert/route.ts,yes,apiRequireAdmin,yes,no,yes,yes
POST,/api/analytics/performance/slow-resources,app/api/analytics/performance/slow-resources/route.ts,yes,apiRequireAdmin,yes,no,yes,yes
POST,/api/analytics/reports/run,app/api/analytics/reports/run/route.ts,yes,getUser,yes,no,yes,yes
POST,/api/analytics/slow-resources,app/api/analytics/slow-resources/route.ts,yes,apiRequireAdmin,yes,no,no,no
POST,/api/applications,app/api/applications/route.ts,yes,apiAuthGuard,yes,no,yes,yes
POST,/api/applications/:/approve,app/api/applications/[id]/approve/route.ts,no,NONE,yes,no,yes,yes
POST,/api/applications/:/reject,app/api/applications/[id]/reject/route.ts,no,NONE,yes,no,yes,yes
POST,/api/applications/wioa,app/api/applications/wioa/route.ts,yes,apiRequireAdmin,yes,no,yes,yes
POST,/api/apply,app/api/apply/route.ts,no,NONE,yes,yes,yes,yes
POST,/api/apply/employer,app/api/apply/employer/route.ts,no,NONE,yes,no,yes,yes
POST,/api/apply/simple,app/api/apply/simple/route.ts,no,NONE,yes,no,yes,yes
POST,/api/apply/staff,app/api/apply/staff/route.ts,no,NONE,yes,no,yes,yes
POST,/api/apprentice/transfer-request,app/api/apprentice/transfer-request/route.ts,yes,getUser,yes,no,yes,yes
POST,/api/apprenticeship/enroll/checkout,app/api/apprenticeship/enroll/checkout/route.ts,yes,getUser,yes,no,yes,yes
POST,/api/apprenticeship/hours/reject,app/api/apprenticeship/hours/reject/route.ts,yes,getUser,yes,no,yes,yes
POST,/api/apprenticeships/ipla-exam/checkout,app/api/apprenticeships/ipla-exam/checkout/route.ts,yes,apiAuthGuard,yes,no,no,yes
POST,/api/apps/trial/start,app/api/apps/trial/start/route.ts,yes,getUser,yes,no,yes,yes
POST,/api/apps/upgrade,app/api/apps/upgrade/route.ts,yes,getUser,yes,no,yes,yes
POST,/api/assignments/:/submit,app/api/assignments/[id]/submit/route.ts,no,NONE,yes,no,yes,yes
POST,/api/attendance/verify,app/api/attendance/verify/route.ts,yes,getUser,yes,no,yes,yes
POST,/api/audit/log,app/api/audit/log/route.ts,yes,getUser,yes,no,no,yes
POST,/api/auth/signin,app/api/auth/signin/route.ts,no,NONE,yes,yes,no,yes
POST,/api/auth/signout,app/api/auth/signout/route.ts,no,NONE,no,no,no,yes
POST,/api/auth/signup,app/api/auth/signup/route.ts,no,NONE,yes,no,no,yes
POST,/api/automation/partner-approval,app/api/automation/partner-approval/route.ts,yes,getUser,yes,no,no,yes
POST,/api/automation/process-document,app/api/automation/process-document/route.ts,yes,apiRequireAdmin,no,no,no,no
POST,/api/automation/routing,app/api/automation/routing/route.ts,yes,getUser,yes,no,no,yes
POST,/api/autopilot/build-course,app/api/autopilot/build-course/route.ts,yes,getUser,yes,no,no,yes
POST,/api/autopilot/enhance-media,app/api/autopilot/enhance-media/route.ts,yes,getUser,yes,no,no,yes
POST,/api/autopilot/run,app/api/autopilot/run/route.ts,yes,getUser,yes,no,no,yes
POST,/api/autopilot/scan-repo,app/api/autopilot/scan-repo/route.ts,yes,getUser,yes,no,no,yes
POST,/api/autopilots/build-courses,app/api/autopilots/build-courses/route.ts,yes,apiRequireAdmin,yes,yes,no,no
POST,/api/autopilots/optimize-images,app/api/autopilots/optimize-images/route.ts,yes,apiRequireAdmin,yes,no,no,no
POST,/api/autopilots/run-tests,app/api/autopilots/run-tests/route.ts,yes,apiRequireAdmin,yes,no,no,no
POST,/api/barber/checkout/full,app/api/barber/checkout/full/route.ts,yes,apiAuthGuard,yes,no,no,yes
POST,/api/billing/report-usage,app/api/billing/report-usage/route.ts,no,NONE,no,no,yes,yes
POST,/api/blog/generate,app/api/blog/generate/route.ts,yes,getUser,yes,yes,yes,yes
POST,/api/booking/create,app/api/booking/create/route.ts,yes,getUser,yes,no,yes,yes
POST,/api/booking/enrollment,app/api/booking/enrollment/route.ts,yes,apiAuthGuard,yes,no,yes,yes
POST,/api/cart/add,app/api/cart/add/route.ts,yes,getUser,yes,no,yes,yes
POST,/api/cart/remove,app/api/cart/remove/route.ts,yes,getUser,yes,no,yes,yes
POST,/api/cart/update,app/api/cart/update/route.ts,yes,getUser,yes,no,yes,yes
POST,/api/cash-advances/applications/:/approve,app/api/cash-advances/applications/[id]/approve/route.ts,yes,apiRequireAdmin,yes,no,yes,yes
POST,/api/cert/bulk-issue,app/api/cert/bulk-issue/route.ts,yes,getUser,no,no,yes,yes
POST,/api/cert/issue,app/api/cert/issue/route.ts,yes,getUser,yes,no,yes,yes
POST,/api/cert/replace,app/api/cert/replace/route.ts,yes,getUser,yes,no,yes,yes
POST,/api/certificates/complete-module,app/api/certificates/complete-module/route.ts,yes,apiAuthGuard,no,no,no,no
POST,/api/certificates/generate,app/api/certificates/generate/route.ts,yes,getUser,yes,no,yes,yes
POST,/api/certificates/issue,app/api/certificates/issue/route.ts,yes,apiAuthGuard,yes,no,yes,yes
POST,/api/certificates/issue-module,app/api/certificates/issue-module/route.ts,yes,apiAuthGuard,no,no,no,no
POST,/api/certificates/issue-program,app/api/certificates/issue-program/route.ts,yes,apiAuthGuard,no,no,no,no
POST,/api/certifications/submit,app/api/certifications/submit/route.ts,yes,getUser,yes,no,yes,yes
POST,/api/chat/ai-response,app/api/chat/ai-response/route.ts,no,NONE,yes,no,yes,yes
POST,/api/checkin,app/api/checkin/route.ts,yes,getUser,yes,no,yes,yes
POST,/api/checkin/checkout,app/api/checkin/checkout/route.ts,yes,getUser,no,no,yes,yes
POST,/api/checkout,app/api/checkout/route.ts,yes,apiAuthGuard,yes,no,no,yes
POST,/api/checkout/career,app/api/checkout/career/route.ts,yes,getUser,no,no,no,yes
POST,/api/checkout/career-courses,app/api/checkout/career-courses/route.ts,yes,apiAuthGuard,yes,no,yes,yes
POST,/api/checkout/create,app/api/checkout/create/route.ts,no,NONE,yes,no,yes,yes
POST,/api/checkout/learner,app/api/checkout/learner/route.ts,yes,getUser,yes,no,no,yes
POST,/api/checkout/marketplace,app/api/checkout/marketplace/route.ts,yes,apiAuthGuard,yes,no,no,yes
POST,/api/checkout/product,app/api/checkout/product/route.ts,yes,apiAuthGuard,yes,no,no,yes
POST,/api/checkout/student,app/api/checkout/student/route.ts,yes,apiAuthGuard,no,no,no,no
POST,/api/cm/learners/:/notes,app/api/cm/learners/[id]/notes/route.ts,no,NONE,yes,no,yes,yes
POST,/api/compliance/evidence,app/api/compliance/evidence/route.ts,yes,getUser,yes,no,yes,yes
POST,/api/contact,app/api/contact/route.ts,no,NONE,yes,yes,yes,yes
POST,/api/courses/:/lessons/:/complete,app/api/courses/[courseId]/lessons/[lessonId]/complete/route.ts,yes,getUser,no,no,yes,yes
POST,/api/courses/:/lessons/:/progress,app/api/courses/[courseId]/lessons/[lessonId]/progress/route.ts,yes,getUser,yes,no,yes,yes
POST,/api/courses/authoring/save,app/api/courses/authoring/save/route.ts,yes,getUser,yes,no,yes,yes
POST,/api/courses/checkout,app/api/courses/checkout/route.ts,yes,apiAuthGuard,no,no,no,no
POST,/api/courses/complete,app/api/courses/complete/route.ts,yes,apiAuthGuard,yes,no,yes,yes
POST,/api/courses/create,app/api/courses/create/route.ts,yes,getUser,yes,no,yes,yes
POST,/api/courses/save,app/api/courses/save/route.ts,yes,apiAuthGuard,yes,no,yes,yes
POST,/api/create-checkout-session,app/api/create-checkout-session/route.ts,yes,apiAuthGuard,yes,no,no,yes
POST,/api/credentials/complete,app/api/credentials/complete/route.ts,yes,getUser,yes,no,yes,yes
POST,/api/credentials/issue,app/api/credentials/issue/route.ts,no,NONE,yes,yes,yes,yes
POST,/api/crm/campaigns/send,app/api/crm/campaigns/send/route.ts,yes,getUser,yes,no,yes,yes
POST,/api/curvature/checkout,app/api/curvature/checkout/route.ts,yes,getUser,no,no,yes,yes
POST,/api/delegate/notes/add,app/api/delegate/notes/add/route.ts,yes,getUser,yes,no,yes,yes
POST,/api/delegates/add,app/api/delegates/add/route.ts,yes,getUser,yes,no,yes,yes
POST,/api/delegates/update,app/api/delegates/update/route.ts,yes,getUser,yes,no,yes,yes
POST,/api/demo/reset,app/api/demo/reset/route.ts,yes,env_gate,no,no,yes,yes
POST,/api/demo/seed,app/api/demo/seed/route.ts,yes,env_gate,no,no,yes,yes
POST,/api/dev/seed-courses,app/api/dev/seed-courses/route.ts,yes,env_gate,no,no,yes,yes
POST,/api/devstudio/chat,app/api/devstudio/chat/route.ts,yes,getUser,yes,no,yes,yes
POST,/api/devstudio/complete,app/api/devstudio/complete/route.ts,yes,apiAuthGuard,yes,no,no,no
POST,/api/discussions/thread,app/api/discussions/thread/route.ts,yes,getUser,yes,no,yes,yes
POST,/api/docs/generate,app/api/docs/generate/route.ts,yes,getUser,yes,no,no,yes
POST,/api/documents/verify,app/api/documents/verify/route.ts,yes,getUser,yes,no,yes,yes
POST,/api/documents/verify/bulk,app/api/documents/verify/bulk/route.ts,yes,getUser,yes,no,yes,yes
POST,/api/donate/create-checkout,app/api/donate/create-checkout/route.ts,yes,apiAuthGuard,yes,no,no,yes
POST,/api/donations/create-checkout,app/api/donations/create-checkout/route.ts,yes,getUser,yes,no,yes,yes
POST,/api/donations/webhook,app/api/donations/webhook/route.ts,yes,webhook_sig,yes,no,yes,yes
POST,/api/drug-testing/checkout,app/api/drug-testing/checkout/route.ts,yes,apiAuthGuard,yes,no,no,yes
POST,/api/email-marketing/campaigns/schedule,app/api/email-marketing/campaigns/schedule/route.ts,yes,getUser,yes,no,yes,yes
POST,/api/email-marketing/campaigns/send,app/api/email-marketing/campaigns/send/route.ts,yes,getUser,yes,no,yes,yes
POST,/api/email/campaigns/send,app/api/email/campaigns/send/route.ts,yes,apiRequireAdmin,yes,no,yes,yes
POST,/api/email/send,app/api/email/send/route.ts,yes,apiRequireAdmin,yes,no,no,no
POST,/api/email/send-welcome,app/api/email/send-welcome/route.ts,yes,apiRequireAdmin,yes,no,no,no
POST,/api/emails/certificate,app/api/emails/certificate/route.ts,yes,apiRequireAdmin,yes,no,no,yes
POST,/api/emails/certificate-delivery,app/api/emails/certificate-delivery/route.ts,no,NONE,yes,no,no,no
POST,/api/emails/welcome,app/api/emails/welcome/route.ts,yes,apiRequireAdmin,yes,no,no,yes
POST,/api/employer/hours/approve,app/api/employer/hours/approve/route.ts,yes,getUser,yes,no,yes,yes
POST,/api/enroll,app/api/enroll/route.ts,yes,getUser,yes,no,no,yes
POST,/api/enroll/apply,app/api/enroll/apply/route.ts,yes,getUser,yes,no,yes,yes
POST,/api/enroll/approve,app/api/enroll/approve/route.ts,yes,getUser,yes,no,yes,yes
POST,/api/enroll/auto,app/api/enroll/auto/route.ts,no,NONE,yes,no,yes,yes
POST,/api/enroll/checkout,app/api/enroll/checkout/route.ts,yes,apiAuthGuard,yes,no,yes,yes
POST,/api/enroll/cna,app/api/enroll/cna/route.ts,yes,apiAuthGuard,yes,no,yes,yes
POST,/api/enroll/complete,app/api/enroll/complete/route.ts,no,NONE,yes,no,yes,yes
POST,/api/enroll/finalize-payment,app/api/enroll/finalize-payment/route.ts,yes,getUser,yes,no,yes,yes
POST,/api/enroll/payment,app/api/enroll/payment/route.ts,yes,getUser,yes,no,no,yes
POST,/api/enrollment/barber,app/api/enrollment/barber/route.ts,yes,getUser,yes,no,yes,yes
POST,/api/enrollment/complete-orientation,app/api/enrollment/complete-orientation/route.ts,yes,getUser,yes,no,yes,yes
POST,/api/enrollment/documents/complete,app/api/enrollment/documents/complete/route.ts,yes,getUser,yes,no,yes,yes
POST,/api/enrollment/orientation/complete,app/api/enrollment/orientation/complete/route.ts,yes,getUser,yes,no,yes,yes
POST,/api/enrollment/submit,app/api/enrollment/submit/route.ts,yes,apiAuthGuard,yes,no,yes,yes
POST,/api/enrollment/submit-documents,app/api/enrollment/submit-documents/route.ts,yes,getUser,yes,no,yes,yes
POST,/api/enrollment/upload-document,app/api/enrollment/upload-document/route.ts,yes,getUser,yes,no,yes,yes
POST,/api/enrollments/apprentice,app/api/enrollments/apprentice/route.ts,yes,apiAuthGuard,yes,no,yes,yes
POST,/api/enrollments/checkout,app/api/enrollments/checkout/route.ts,yes,apiAuthGuard,yes,no,yes,yes
POST,/api/enrollments/complete-program,app/api/enrollments/complete-program/route.ts,yes,getUser,yes,no,no,yes
POST,/api/enrollments/create,app/api/enrollments/create/route.ts,no,NONE,yes,no,yes,yes
POST,/api/enrollments/create-enforced,app/api/enrollments/create-enforced/route.ts,no,NONE,yes,yes,yes,yes
POST,/api/enrollments/host-shop,app/api/enrollments/host-shop/route.ts,yes,apiAuthGuard,yes,no,yes,yes
POST,/api/events/:/register,app/api/events/[id]/register/route.ts,yes,getUser,yes,no,yes,yes
POST,/api/events/login,app/api/events/login/route.ts,yes,getUser,yes,no,yes,yes
POST,/api/exams/start,app/api/exams/start/route.ts,yes,requireApiAuth,yes,no,yes,yes
POST,/api/exams/submit,app/api/exams/submit/route.ts,yes,requireApiAuth,yes,no,yes,yes
POST,/api/ferpa/training/submit,app/api/ferpa/training/submit/route.ts,yes,getUser,yes,no,yes,yes
POST,/api/franchise/payouts/:/approve,app/api/franchise/payouts/[payoutId]/approve/route.ts,yes,getUser,no,no,no,yes
POST,/api/franchise/payouts/:/pay,app/api/franchise/payouts/[payoutId]/pay/route.ts,yes,getUser,yes,no,no,yes
POST,/api/franchise/payouts/generate,app/api/franchise/payouts/generate/route.ts,yes,getUser,yes,no,no,yes
POST,/api/fssa-partnership,app/api/fssa-partnership/route.ts,no,NONE,yes,no,yes,yes
POST,/api/funding/admin/action,app/api/funding/admin/action/route.ts,yes,getUser,yes,no,yes,yes
POST,/api/funding/admin/resend,app/api/funding/admin/resend/route.ts,yes,getUser,yes,no,yes,yes
POST,/api/funding/create-checkout,app/api/funding/create-checkout/route.ts,no,NONE,yes,no,yes,yes
POST,/api/funding/recommend,app/api/funding/recommend/route.ts,yes,getUser,yes,no,no,yes
POST,/api/gdpr/delete,app/api/gdpr/delete/route.ts,yes,getUser,yes,no,no,yes
POST,/api/gdpr/export,app/api/gdpr/export/route.ts,yes,getUser,yes,no,no,yes
POST,/api/github/clone,app/api/github/clone/route.ts,yes,apiAuthGuard,yes,no,no,no
POST,/api/github/commit,app/api/github/commit/route.ts,no,NONE,yes,no,no,no
POST,/api/grade/upsert,app/api/grade/upsert/route.ts,yes,getUser,yes,no,yes,yes
POST,/api/grants/draft,app/api/grants/draft/route.ts,yes,apiRequireAdmin,yes,no,yes,yes
POST,/api/grants/eligibility,app/api/grants/eligibility/route.ts,yes,apiRequireAdmin,yes,no,no,no
POST,/api/grants/forms,app/api/grants/forms/route.ts,yes,apiRequireAdmin,yes,no,no,no
POST,/api/grants/match,app/api/grants/match/route.ts,yes,apiRequireAdmin,no,no,yes,yes
POST,/api/grants/package,app/api/grants/package/route.ts,yes,apiRequireAdmin,yes,no,no,no
POST,/api/handbook/acknowledge,app/api/handbook/acknowledge/route.ts,yes,getUser,yes,no,yes,yes
POST,/api/heygen/generate,app/api/heygen/generate/route.ts,yes,apiRequireAdmin,yes,no,no,no
POST,/api/hours/submit,app/api/hours/submit/route.ts,yes,getUser,yes,no,yes,yes
POST,/api/hsi/create-checkout,app/api/hsi/create-checkout/route.ts,yes,apiAuthGuard,yes,no,no,yes
POST,/api/hubspot/submit,app/api/hubspot/submit/route.ts,no,NONE,yes,no,no,no
POST,/api/identity/upload-manual,app/api/identity/upload-manual/route.ts,yes,getUser,yes,no,yes,yes
POST,/api/identity/verify-ssn,app/api/identity/verify-ssn/route.ts,yes,getUser,yes,no,yes,yes
POST,/api/inquiries,app/api/inquiries/route.ts,yes,apiAuthGuard,yes,no,yes,yes
POST,/api/inquiry,app/api/inquiry/route.ts,no,NONE,yes,no,yes,yes
POST,/api/instructor/campaigns/send,app/api/instructor/campaigns/send/route.ts,yes,getUser,yes,no,no,yes
POST,/api/intake/application,app/api/intake/application/route.ts,no,NONE,yes,yes,yes,yes
POST,/api/intake/eligibility,app/api/intake/eligibility/route.ts,no,NONE,yes,yes,yes,yes
POST,/api/intake/interest,app/api/intake/interest/route.ts,no,NONE,yes,yes,yes,yes
POST,/api/legal/sign,app/api/legal/sign/route.ts,yes,getUser,yes,no,yes,yes
POST,/api/license-request,app/api/license-request/route.ts,no,NONE,yes,no,yes,yes
POST,/api/license/checkout,app/api/license/checkout/route.ts,yes,apiAuthGuard,yes,no,no,yes
POST,/api/license/portal,app/api/license/portal/route.ts,yes,apiAuthGuard,yes,no,no,yes
POST,/api/license/webhook,app/api/license/webhook/route.ts,yes,webhook_sig,yes,no,yes,yes
POST,/api/licenses/request,app/api/licenses/request/route.ts,no,NONE,yes,no,yes,yes
POST,/api/licenses/webhook,app/api/licenses/webhook/route.ts,yes,webhook_sig,yes,no,no,yes
POST,/api/licensing/request,app/api/licensing/request/route.ts,no,NONE,yes,no,yes,yes
POST,/api/live/zoom,app/api/live/zoom/route.ts,yes,apiAuthGuard,yes,no,yes,yes
POST,/api/lms/forums/reply,app/api/lms/forums/reply/route.ts,yes,getUser,yes,no,yes,yes
POST,/api/lms/progress/complete,app/api/lms/progress/complete/route.ts,yes,getUser,yes,no,yes,yes
POST,/api/lms/progress/start,app/api/lms/progress/start/route.ts,yes,getUser,yes,no,yes,yes
POST,/api/lms/quizzes/:/start,app/api/lms/quizzes/[quizId]/start/route.ts,yes,getUser,no,yes,yes,yes
POST,/api/lms/quizzes/:/submit,app/api/lms/quizzes/[quizId]/submit/route.ts,yes,getUser,yes,no,yes,yes
POST,/api/lti/launch,app/api/lti/launch/route.ts,no,NONE,yes,no,yes,yes
POST,/api/marketing/campaigns/:/send,app/api/marketing/campaigns/[id]/send/route.ts,yes,apiRequireAdmin,no,no,yes,yes
POST,/api/marketing/send-welcome,app/api/marketing/send-welcome/route.ts,yes,apiRequireAdmin,yes,no,no,no
POST,/api/marketplace/apply,app/api/marketplace/apply/route.ts,yes,getUser,yes,no,yes,yes
POST,/api/marketplace/report,app/api/marketplace/report/route.ts,yes,apiAuthGuard,yes,no,yes,yes
POST,/api/media/delete,app/api/media/delete/route.ts,yes,getUser,yes,no,no,yes
POST,/api/media/enhance-video-full,app/api/media/enhance-video-full/route.ts,yes,getUser,yes,no,no,yes
POST,/api/media/upload,app/api/media/upload/route.ts,yes,getUser,yes,no,no,yes
POST,/api/meetings/create,app/api/meetings/create/route.ts,yes,getUser,yes,no,yes,yes
POST,/api/milady/auto-enroll,app/api/milady/auto-enroll/route.ts,yes,apiRequireAdmin,yes,no,yes,yes
POST,/api/milady/sso,app/api/milady/sso/route.ts,yes,getUser,yes,no,yes,yes
POST,/api/mobile/login,app/api/mobile/login/route.ts,no,NONE,yes,no,no,yes
POST,/api/notifications/broadcast,app/api/notifications/broadcast/route.ts,no,NONE,yes,no,yes,yes
POST,/api/notifications/send,app/api/notifications/send/route.ts,yes,getUser,yes,no,yes,yes
POST,/api/notifications/subscribe,app/api/notifications/subscribe/route.ts,no,NONE,yes,no,no,yes
POST,/api/notifications/unsubscribe,app/api/notifications/unsubscribe/route.ts,no,NONE,yes,no,no,yes
POST,/api/offline/sync,app/api/offline/sync/route.ts,yes,getUser,yes,no,yes,yes
POST,/api/onboarding/complete,app/api/onboarding/complete/route.ts,yes,getUser,no,no,yes,yes
POST,/api/onboarding/learner,app/api/onboarding/learner/route.ts,yes,getUser,yes,no,yes,yes
POST,/api/onboarding/payroll-setup,app/api/onboarding/payroll-setup/route.ts,yes,getUser,yes,no,yes,yes
POST,/api/onboarding/provision-tenant,app/api/onboarding/provision-tenant/route.ts,no,NONE,yes,no,yes,yes
POST,/api/onboarding/sign-document,app/api/onboarding/sign-document/route.ts,yes,getUser,yes,no,yes,yes
POST,/api/org/create,app/api/org/create/route.ts,yes,getUser,yes,no,yes,yes
POST,/api/org/invite/:/accept,app/api/org/invite/[token]/accept/route.ts,yes,getUser,no,no,yes,yes
POST,/api/partner-courses/create-checkout,app/api/partner-courses/create-checkout/route.ts,yes,apiAuthGuard,yes,no,no,yes
POST,/api/partner-inquiry,app/api/partner-inquiry/route.ts,no,NONE,yes,no,yes,yes
POST,/api/partner/applications/:/approve,app/api/partner/applications/[id]/approve/route.ts,yes,getUser,no,no,yes,yes
POST,/api/partner/applications/:/deny,app/api/partner/applications/[id]/deny/route.ts,yes,apiRequireAdmin,yes,no,yes,yes
POST,/api/partners/barbershop-apprenticeship/apply,app/api/partners/barbershop-apprenticeship/apply/route.ts,no,NONE,yes,yes,yes,yes
POST,/api/partners/enroll,app/api/partners/enroll/route.ts,yes,apiAuthGuard,yes,no,yes,yes
POST,/api/partners/lead,app/api/partners/lead/route.ts,no,NONE,yes,no,no,no
POST,/api/partners/mou,app/api/partners/mou/route.ts,yes,apiAuthGuard,yes,no,yes,yes
POST,/api/partners/select-role,app/api/partners/select-role/route.ts,yes,getUser,yes,no,yes,yes
POST,/api/payments/create-intent,app/api/payments/create-intent/route.ts,yes,getUser,yes,no,no,yes
POST,/api/payments/split,app/api/payments/split/route.ts,yes,apiAuthGuard,yes,no,yes,yes
POST,/api/phone/call,app/api/phone/call/route.ts,yes,apiAuthGuard,yes,no,yes,yes
POST,/api/privacy/delete,app/api/privacy/delete/route.ts,yes,apiAuthGuard,yes,no,yes,yes
POST,/api/privacy/export,app/api/privacy/export/route.ts,yes,apiAuthGuard,yes,no,no,yes
POST,/api/program-holder/acknowledge-handbook,app/api/program-holder/acknowledge-handbook/route.ts,yes,getUser,yes,no,yes,yes
POST,/api/program-holder/acknowledge-rights,app/api/program-holder/acknowledge-rights/route.ts,yes,getUser,yes,no,yes,yes
POST,/api/program-holder/apply,app/api/program-holder/apply/route.ts,no,NONE,yes,no,yes,yes
POST,/api/program-holder/create-verification,app/api/program-holder/create-verification/route.ts,yes,getUser,yes,no,yes,yes
POST,/api/program-holder/documents/upload,app/api/program-holder/documents/upload/route.ts,yes,getUser,yes,no,yes,yes
POST,/api/program-holder/enroll-participant,app/api/program-holder/enroll-participant/route.ts,yes,getUser,yes,no,yes,yes
POST,/api/program-holder/mou/sign,app/api/program-holder/mou/sign/route.ts,yes,getUser,yes,no,yes,yes
POST,/api/program-holder/notification-preferences,app/api/program-holder/notification-preferences/route.ts,yes,getUser,yes,no,yes,yes
POST,/api/program-holder/notifications/:/mark-read,app/api/program-holder/notifications/[id]/mark-read/route.ts,yes,getUser,no,no,yes,yes
POST,/api/program-holder/reports/submit,app/api/program-holder/reports/submit/route.ts,yes,getUser,yes,no,yes,yes
POST,/api/program-holder/sign-mou,app/api/program-holder/sign-mou/route.ts,yes,apiAuthGuard,no,no,no,no
POST,/api/program-holder/students/accept,app/api/program-holder/students/accept/route.ts,yes,getUser,yes,no,yes,yes
POST,/api/program-holder/students/decline,app/api/program-holder/students/decline/route.ts,yes,getUser,yes,no,yes,yes
POST,/api/program-holders/acknowledgement,app/api/program-holders/acknowledgement/route.ts,yes,apiAuthGuard,yes,no,yes,yes
POST,/api/program-owner/campaigns/send,app/api/program-owner/campaigns/send/route.ts,yes,getUser,yes,no,no,yes
POST,/api/programs/barber-apprenticeship/apply,app/api/programs/barber-apprenticeship/apply/route.ts,no,NONE,yes,yes,yes,yes
POST,/api/programs/checkout,app/api/programs/checkout/route.ts,yes,apiAuthGuard,no,no,no,no
POST,/api/promo-codes/validate,app/api/promo-codes/validate/route.ts,no,NONE,yes,yes,no,yes
POST,/api/push/send,app/api/push/send/route.ts,no,NONE,yes,no,yes,yes
POST,/api/push/subscribe,app/api/push/subscribe/route.ts,yes,getUser,yes,no,yes,yes
POST,/api/push/unsubscribe,app/api/push/unsubscribe/route.ts,yes,getUser,yes,no,yes,yes
POST,/api/pwa/barber/log-hours,app/api/pwa/barber/log-hours/route.ts,yes,getUser,yes,no,yes,yes
POST,/api/pwa/shop-owner/approve-hours,app/api/pwa/shop-owner/approve-hours/route.ts,yes,getUser,yes,no,yes,yes
POST,/api/pwa/shop-owner/log-hours,app/api/pwa/shop-owner/log-hours/route.ts,yes,getUser,yes,no,yes,yes
POST,/api/quizzes/save,app/api/quizzes/save/route.ts,yes,getUser,yes,yes,yes,yes
POST,/api/r2/upload,app/api/r2/upload/route.ts,yes,getUser,yes,no,no,yes
POST,/api/rapids/safe-update,app/api/rapids/safe-update/route.ts,yes,apiRequireAdmin,yes,yes,yes,yes
POST,/api/recaps/action-items/:/toggle,app/api/recaps/action-items/[itemId]/toggle/route.ts,yes,getUser,no,no,yes,yes
POST,/api/recaps/generate,app/api/recaps/generate/route.ts,yes,getUser,yes,yes,yes,yes
POST,/api/receptionist,app/api/receptionist/route.ts,no,NONE,yes,no,no,no
POST,/api/reports/export,app/api/reports/export/route.ts,yes,getUser,yes,no,no,yes
POST,/api/reports/run,app/api/reports/run/route.ts,yes,getUser,yes,no,yes,yes
POST,/api/reviews/:/respond,app/api/reviews/[id]/respond/route.ts,yes,getUser,yes,no,yes,yes
POST,/api/scorm/upload,app/api/scorm/upload/route.ts,yes,getUser,yes,no,yes,yes
POST,/api/security/log,app/api/security/log/route.ts,yes,apiAuthGuard,yes,no,yes,yes
POST,/api/security/scan-event,app/api/security/scan-event/route.ts,yes,api_key_check,yes,no,yes,yes
POST,/api/sezzle/virtual-card/capture,app/api/sezzle/virtual-card/capture/route.ts,no,NONE,yes,no,yes,yes
POST,/api/sezzle/virtual-card/process,app/api/sezzle/virtual-card/process/route.ts,yes,apiAuthGuard,yes,no,yes,yes
POST,/api/sezzle/webhook,app/api/sezzle/webhook/route.ts,yes,webhook_sig,yes,yes,yes,yes
POST,/api/shop/apply,app/api/shop/apply/route.ts,no,NONE,yes,no,yes,yes
POST,/api/shop/documents/upload,app/api/shop/documents/upload/route.ts,yes,getUser,yes,no,yes,yes
POST,/api/shop/reports,app/api/shop/reports/route.ts,yes,getUser,yes,no,yes,yes
POST,/api/signature/documents,app/api/signature/documents/route.ts,yes,getUser,yes,no,yes,yes
POST,/api/signature/documents/:/sign,app/api/signature/documents/[id]/sign/route.ts,yes,apiAuthGuard,yes,no,yes,yes
POST,/api/social-media/generate,app/api/social-media/generate/route.ts,yes,apiRequireAdmin,yes,yes,no,yes
POST,/api/staff/campaigns/send,app/api/staff/campaigns/send/route.ts,yes,getUser,yes,no,no,yes
POST,/api/staff/customer-service/tickets,app/api/staff/customer-service/tickets/route.ts,yes,getUser,yes,no,yes,yes
POST,/api/staff/enroll-student,app/api/staff/enroll-student/route.ts,yes,getUser,yes,no,yes,yes
POST,/api/store/cart-checkout,app/api/store/cart-checkout/route.ts,yes,getUser,yes,no,no,yes
POST,/api/store/checkout,app/api/store/checkout/route.ts,no,NONE,yes,yes,yes,yes
POST,/api/store/clone,app/api/store/clone/route.ts,yes,apiAuthGuard,yes,no,no,yes
POST,/api/store/clone-codebase,app/api/store/clone-codebase/route.ts,yes,apiAuthGuard,yes,no,yes,yes
POST,/api/store/create-payment-intent,app/api/store/create-payment-intent/route.ts,yes,apiAuthGuard,yes,no,no,yes
POST,/api/store/create-product,app/api/store/create-product/route.ts,yes,apiRequireAdmin,yes,no,yes,yes
POST,/api/store/customer-portal,app/api/store/customer-portal/route.ts,yes,apiAuthGuard,yes,no,no,yes
POST,/api/store/license/generate,app/api/store/license/generate/route.ts,yes,getUser,yes,no,yes,yes
POST,/api/store/license/validate,app/api/store/license/validate/route.ts,no,NONE,yes,yes,yes,yes
POST,/api/store/licenses/create-payment-intent,app/api/store/licenses/create-payment-intent/route.ts,yes,apiAuthGuard,yes,no,yes,yes
POST,/api/store/licenses/webhook,app/api/store/licenses/webhook/route.ts,no,NONE,yes,no,no,yes
POST,/api/store/publish,app/api/store/publish/route.ts,yes,getUser,yes,no,yes,yes
POST,/api/store/subscribe,app/api/store/subscribe/route.ts,yes,apiAuthGuard,no,no,no,no
POST,/api/store/webhook,app/api/store/webhook/route.ts,yes,webhook_sig,no,no,yes,yes
POST,/api/stripe,app/api/stripe/route.ts,yes,apiAuthGuard,yes,no,no,yes
POST,/api/stripe/checkout,app/api/stripe/checkout/route.ts,yes,getUser,yes,no,no,yes
POST,/api/stripe/connect/create,app/api/stripe/connect/create/route.ts,yes,apiAuthGuard,yes,no,yes,yes
POST,/api/stripe/connect/onboard,app/api/stripe/connect/onboard/route.ts,yes,apiAuthGuard,yes,no,no,yes
POST,/api/stripe/create-checkout,app/api/stripe/create-checkout/route.ts,yes,getUser,yes,no,no,yes
POST,/api/stripe/webhook,app/api/stripe/webhook/route.ts,yes,webhook_sig,no,no,yes,yes
POST,/api/student/acknowledge-handbook,app/api/student/acknowledge-handbook/route.ts,yes,apiAuthGuard,yes,no,yes,yes
POST,/api/student/log-hours,app/api/student/log-hours/route.ts,yes,getUser,yes,no,yes,yes
POST,/api/student/mark-milady-orientation,app/api/student/mark-milady-orientation/route.ts,yes,apiAuthGuard,yes,no,yes,yes
POST,/api/studio/complete,app/api/studio/complete/route.ts,yes,apiAuthGuard,yes,no,no,no
POST,/api/studio/fix,app/api/studio/fix/route.ts,yes,apiAuthGuard,yes,no,no,no
POST,/api/studio/generate-tests,app/api/studio/generate-tests/route.ts,yes,apiAuthGuard,yes,no,no,no
POST,/api/studio/lsp,app/api/studio/lsp/route.ts,yes,apiAuthGuard,yes,yes,no,no
POST,/api/studio/refactor,app/api/studio/refactor/route.ts,yes,apiAuthGuard,yes,yes,no,no
POST,/api/studio/terminal,app/api/studio/terminal/route.ts,yes,apiAuthGuard,yes,no,no,no
POST,/api/study-groups/:/join,app/api/study-groups/[id]/join/route.ts,yes,getUser,no,no,yes,yes
POST,/api/supersonic-cash/apply,app/api/supersonic-cash/apply/route.ts,no,NONE,yes,no,yes,yes
POST,/api/supersonic-fast-cash/calculate-tax,app/api/supersonic-fast-cash/calculate-tax/route.ts,yes,apiAuthGuard,yes,no,no,no
POST,/api/supersonic-fast-cash/careers/apply,app/api/supersonic-fast-cash/careers/apply/route.ts,no,NONE,yes,no,yes,yes
POST,/api/supersonic-fast-cash/create-checkout,app/api/supersonic-fast-cash/create-checkout/route.ts,yes,apiAuthGuard,yes,no,no,yes
POST,/api/supersonic-fast-cash/file-return,app/api/supersonic-fast-cash/file-return/route.ts,yes,apiAuthGuard,yes,no,yes,yes
POST,/api/supersonic-fast-cash/generate-access-key,app/api/supersonic-fast-cash/generate-access-key/route.ts,yes,apiAuthGuard,yes,no,yes,yes
POST,/api/supersonic-fast-cash/save-tax-return,app/api/supersonic-fast-cash/save-tax-return/route.ts,yes,apiAuthGuard,yes,no,yes,yes
POST,/api/supersonic-fast-cash/stripe-webhook,app/api/supersonic-fast-cash/stripe-webhook/route.ts,yes,webhook_sig,yes,no,yes,yes
POST,/api/supersonic-fast-cash/sync-jotform,app/api/supersonic-fast-cash/sync-jotform/route.ts,yes,apiAuthGuard,yes,no,yes,yes
POST,/api/supersonic-fast-cash/upload,app/api/supersonic-fast-cash/upload/route.ts,yes,apiAuthGuard,yes,no,yes,yes
POST,/api/supersonic-fast-cash/validate-access-key,app/api/supersonic-fast-cash/validate-access-key/route.ts,yes,apiAuthGuard,yes,yes,yes,yes
POST,/api/supersonic/apply,app/api/supersonic/apply/route.ts,no,NONE,yes,no,yes,yes
POST,/api/support/ticket,app/api/support/ticket/route.ts,yes,requireApiAuth,yes,no,yes,yes
POST,/api/tax-checkout,app/api/tax-checkout/route.ts,yes,apiAuthGuard,yes,no,no,yes
POST,/api/tax/book-appointment,app/api/tax/book-appointment/route.ts,yes,apiAuthGuard,yes,no,yes,yes
POST,/api/tax/file-return,app/api/tax/file-return/route.ts,yes,env_gate,yes,no,yes,yes
POST,/api/tax/submit,app/api/tax/submit/route.ts,yes,apiAuthGuard,yes,yes,no,no
POST,/api/tax/upload,app/api/tax/upload/route.ts,yes,getUser,yes,no,yes,yes
POST,/api/tax/upload-url,app/api/tax/upload-url/route.ts,yes,apiAuthGuard,yes,no,yes,yes
POST,/api/tax/validate,app/api/tax/validate/route.ts,yes,apiAuthGuard,yes,yes,no,no
POST,/api/tenants/provision,app/api/tenants/provision/route.ts,yes,requireApiAuth,yes,no,yes,yes
POST,/api/test-webhook,app/api/test-webhook/route.ts,yes,env_gate,yes,no,yes,yes
POST,/api/text-to-speech,app/api/text-to-speech/route.ts,yes,apiAuthGuard,yes,no,no,no
POST,/api/timeclock/action,app/api/timeclock/action/route.ts,yes,apiAuthGuard,yes,no,yes,yes
POST,/api/timeclock/heartbeat,app/api/timeclock/heartbeat/route.ts,yes,getUser,yes,no,yes,yes
POST,/api/video/events,app/api/video/events/route.ts,yes,apiAuthGuard,yes,no,yes,yes
POST,/api/webhooks/marketplace,app/api/webhooks/marketplace/route.ts,yes,webhook_sig,no,no,yes,yes
POST,/api/webhooks/milady-email,app/api/webhooks/milady-email/route.ts,no,NONE,yes,yes,yes,yes
POST,/api/webhooks/partners/:,app/api/webhooks/partners/[partner]/route.ts,no,NONE,yes,yes,yes,yes
POST,/api/webhooks/store,app/api/webhooks/store/route.ts,yes,webhook_sig,no,no,yes,yes
POST,/api/webhooks/stripe,app/api/webhooks/stripe/route.ts,yes,webhook_sig,yes,no,yes,yes
POST,/api/webhooks/stripe-identity,app/api/webhooks/stripe-identity/route.ts,yes,webhook_sig,yes,no,yes,yes
POST,/api/webhooks/stripe/career-courses,app/api/webhooks/stripe/career-courses/route.ts,yes,webhook_sig,no,no,yes,yes
POST,/api/wioa/support-services/:/approve,app/api/wioa/support-services/[id]/approve/route.ts,yes,apiRequireAdmin,yes,no,yes,yes
POST,/api/workone/seed,app/api/workone/seed/route.ts,yes,getUser,yes,no,yes,yes
POST|DELETE,/api/lessons/:/complete,app/api/lessons/[lessonId]/complete/route.ts,no,NONE,yes,no,yes,yes
POST|DELETE,/api/upload,app/api/upload/route.ts,yes,getUser,yes,yes,no,yes
POST|PUT,/api/apprenticeship/hours/approve,app/api/apprenticeship/hours/approve/route.ts,yes,getUser,yes,no,yes,yes
POST|PUT,/api/barber/webhook,app/api/barber/webhook/route.ts,yes,getUser,yes,no,yes,yes
POST|PUT,/api/github/pull,app/api/github/pull/route.ts,no,NONE,yes,no,no,no
POST|PUT,/api/github/pulls/review,app/api/github/pulls/review/route.ts,no,NONE,yes,no,no,no